title,url,empty
"Aachen City Series Vertical Canvas Prints",https://www.aviationshop.com/products/aachen-city-series-vertical-canvas-prints,True
"Abha City Series Vertical Canvas Prints",https://www.aviationshop.com/products/abha-city-series-vertical-canvas-prints,True
"Accra City Series Vertical Canvas Prints",https://www.aviationshop.com/products/accra-city-series-vertical-canvas-prints,True
"Agios Nikolaos City Series Vertical Canvas Prints",https://www.aviationshop.com/products/agios-nikolaos-city-series-vertical-canvas-prints,True
"Agnes Water City Series Vertical Canvas Prints",https://www.aviationshop.com/products/agnes-water-city-series-vertical-canvas-prints,True
"Agrigento City Series Vertical Canvas Prints",https://www.aviationshop.com/products/agrigento-city-series-vertical-canvas-prints,True
"Airlie Beach City Series Vertical Canvas Prints",https://www.aviationshop.com/products/airlie-beach-city-series-vertical-canvas-prints,True
"Aitutaki City Series Vertical Canvas Prints",https://www.aviationshop.com/products/aitutaki-city-series-vertical-canvas-prints,True
"Aix-En-Provence City Series Vertical Canvas Prints",https://www.aviationshop.com/products/aix-en-provence-city-series-vertical-canvas-prints,True
"Akaroa City Series Vertical Canvas Prints",https://www.aviationshop.com/products/akaroa-city-series-vertical-canvas-prints,True
"Akko City Series Vertical Canvas Prints",https://www.aviationshop.com/products/akko-city-series-vertical-canvas-prints,True
"Al Ain City Series Vertical Canvas Prints",https://www.aviationshop.com/products/al-ain-city-series-vertical-canvas-prints,True
"Al Wakrah City Series Vertical Canvas Prints",https://www.aviationshop.com/products/al-wakrah-city-series-vertical-canvas-prints,True
"Alacati City Series Vertical Canvas Prints",https://www.aviationshop.com/products/alacati-city-series-vertical-canvas-prints,True
"Albany (Australia) City Series Vertical Canvas Prints",https://www.aviationshop.com/products/albany-australia-city-series-vertical-canvas-prints,True
"Albarracin City Series Vertical Canvas Prints",https://www.aviationshop.com/products/albarracin-city-series-vertical-canvas-prints,True
"Alberobello City Series Vertical Canvas Prints",https://www.aviationshop.com/products/alberobello-city-series-vertical-canvas-prints,True
"Albufeira City Series Vertical Canvas Prints",https://www.aviationshop.com/products/albufeira-city-series-vertical-canvas-prints,True
"Alesund City Series Vertical Canvas Prints",https://www.aviationshop.com/products/alesund-city-series-vertical-canvas-prints,True
"Alishan City Series Vertical Canvas Prints",https://www.aviationshop.com/products/alishan-city-series-vertical-canvas-prints,True
"Alleppey City Series Vertical Canvas Prints",https://www.aviationshop.com/products/alleppey-city-series-vertical-canvas-prints,True
"Almaty City Series Vertical Canvas Prints",https://www.aviationshop.com/products/almaty-city-series-vertical-canvas-prints,True
"Alpbach City Series Vertical Canvas Prints",https://www.aviationshop.com/products/alpbach-city-series-vertical-canvas-prints,True
"Altea City Series Vertical Canvas Prints",https://www.aviationshop.com/products/altea-city-series-vertical-canvas-prints,True
"Amalfi City Series Vertical Canvas Prints",https://www.aviationshop.com/products/amalfi-city-series-vertical-canvas-prints,True
"Amed City Series Vertical Canvas Prints",https://www.aviationshop.com/products/amed-city-series-vertical-canvas-prints,True
"Amelia Island City Series Vertical Canvas Prints",https://www.aviationshop.com/products/amelia-island-city-series-vertical-canvas-prints,True
"Anacapri City Series Vertical Canvas Prints",https://www.aviationshop.com/products/anacapri-city-series-vertical-canvas-prints,True
"Anchorage City Series Vertical Canvas Prints",https://www.aviationshop.com/products/anchorage-city-series-vertical-canvas-prints,True
"Andong City Series Vertical Canvas Prints",https://www.aviationshop.com/products/andong-city-series-vertical-canvas-prints,True
"Annecy City Series Vertical Canvas Prints",https://www.aviationshop.com/products/annecy-city-series-vertical-canvas-prints,True
"Antibes City Series Vertical Canvas Prints",https://www.aviationshop.com/products/antibes-city-series-vertical-canvas-prints,True
"Antigua Guatemala City Series Vertical Canvas Prints",https://www.aviationshop.com/products/antigua-guatemala-city-series-vertical-canvas-prints,True
"Apalachicola City Series Vertical Canvas Prints",https://www.aviationshop.com/products/apalachicola-city-series-vertical-canvas-prints,True
"Apia City Series Vertical Canvas Prints",https://www.aviationshop.com/products/apia-city-series-vertical-canvas-prints,True
"Apollo Bay City Series Vertical Canvas Prints",https://www.aviationshop.com/products/apollo-bay-city-series-vertical-canvas-prints,True
"Appenzell City Series Vertical Canvas Prints",https://www.aviationshop.com/products/appenzell-city-series-vertical-canvas-prints,True
"Are City Series Vertical Canvas Prints",https://www.aviationshop.com/products/are-city-series-vertical-canvas-prints,True
"Arles City Series Vertical Canvas Prints",https://www.aviationshop.com/products/arles-city-series-vertical-canvas-prints,True
"Arraial d'Ajuda City Series Vertical Canvas Prints",https://www.aviationshop.com/products/arraial-dajuda-city-series-vertical-canvas-prints,True
"Arrowtown City Series Vertical Canvas Prints",https://www.aviationshop.com/products/arrowtown-city-series-vertical-canvas-prints,True
"Arugam Bay City Series Vertical Canvas Prints",https://www.aviationshop.com/products/arugam-bay-city-series-vertical-canvas-prints,True
"Arusha City Series Vertical Canvas Prints",https://www.aviationshop.com/products/arusha-city-series-vertical-canvas-prints,True
"Asilah City Series Vertical Canvas Prints",https://www.aviationshop.com/products/asilah-city-series-vertical-canvas-prints,True
"Assisi City Series Vertical Canvas Prints",https://www.aviationshop.com/products/assisi-city-series-vertical-canvas-prints,True
"Assos City Series Vertical Canvas Prints",https://www.aviationshop.com/products/assos-city-series-vertical-canvas-prints,True
"Astoria City Series Vertical Canvas Prints",https://www.aviationshop.com/products/astoria-city-series-vertical-canvas-prints,True
"Aswan City Series Vertical Canvas Prints",https://www.aviationshop.com/products/aswan-city-series-vertical-canvas-prints,True
"Athens City Series Vertical Canvas Prints",https://www.aviationshop.com/products/athens-city-series-vertical-canvas-prints,True
"Auckland City Series Vertical Canvas Prints",https://www.aviationshop.com/products/auckland-city-series-vertical-canvas-prints,True
"Austin City Series Vertical Canvas Prints",https://www.aviationshop.com/products/austin-city-series-vertical-canvas-prints,True
"Aveiro City Series Vertical Canvas Prints",https://www.aviationshop.com/products/aveiro-city-series-vertical-canvas-prints,True
"Avignon City Series Vertical Canvas Prints",https://www.aviationshop.com/products/avignon-city-series-vertical-canvas-prints,True
"Avila Beach City Series Vertical Canvas Prints",https://www.aviationshop.com/products/avila-beach-city-series-vertical-canvas-prints,True
"Axum City Series Vertical Canvas Prints",https://www.aviationshop.com/products/axum-city-series-vertical-canvas-prints,True
"Ayia Napa City Series Vertical Canvas Prints",https://www.aviationshop.com/products/ayia-napa-city-series-vertical-canvas-prints,True
"Ayutthaya City Series Vertical Canvas Prints",https://www.aviationshop.com/products/ayutthaya-city-series-vertical-canvas-prints,True
"Bacalar City Series Vertical Canvas Prints",https://www.aviationshop.com/products/bacalar-city-series-vertical-canvas-prints,True
"Bad Gastein City Series Vertical Canvas Prints",https://www.aviationshop.com/products/bad-gastein-city-series-vertical-canvas-prints,True
"Baku City Series Vertical Canvas Prints",https://www.aviationshop.com/products/baku-city-series-vertical-canvas-prints,True
"Bali City Series Vertical Canvas Prints",https://www.aviationshop.com/products/bali-city-series-vertical-canvas-prints,True
"Ballarat City Series Vertical Canvas Prints",https://www.aviationshop.com/products/ballarat-city-series-vertical-canvas-prints,True
"Bamberg City Series Vertical Canvas Prints",https://www.aviationshop.com/products/bamberg-city-series-vertical-canvas-prints,True
"Bandipur City Series Vertical Canvas Prints",https://www.aviationshop.com/products/bandipur-city-series-vertical-canvas-prints,True
"Banff City Series Vertical Canvas Prints",https://www.aviationshop.com/products/banff-city-series-vertical-canvas-prints,True
"Bangkok City Series Vertical Canvas Prints",https://www.aviationshop.com/products/bangkok-city-series-vertical-canvas-prints,True
"Banos City Series Vertical Canvas Prints",https://www.aviationshop.com/products/banos-city-series-vertical-canvas-prints,True
"Banska Stiavnica City Series Vertical Canvas Prints",https://www.aviationshop.com/products/banska-stiavnica-city-series-vertical-canvas-prints,True
"Bansko City Series Vertical Canvas Prints",https://www.aviationshop.com/products/bansko-city-series-vertical-canvas-prints,True
"Bar Harbor City Series Vertical Canvas Prints",https://www.aviationshop.com/products/bar-harbor-city-series-vertical-canvas-prints,True
"Barcelona City Series Vertical Canvas Prints",https://www.aviationshop.com/products/barcelona-city-series-vertical-canvas-prints,True
"Barichara City Series Vertical Canvas Prints",https://www.aviationshop.com/products/barichara-city-series-vertical-canvas-prints,True
"Barossa Valley City Series Vertical Canvas Prints",https://www.aviationshop.com/products/barossa-valley-city-series-vertical-canvas-prints,True
"Basel City Series Vertical Canvas Prints",https://www.aviationshop.com/products/basel-city-series-vertical-canvas-prints,True
"Batanes City Series Vertical Canvas Prints",https://www.aviationshop.com/products/batanes-city-series-vertical-canvas-prints,True
"Batemans Bay City Series Vertical Canvas Prints",https://www.aviationshop.com/products/batemans-bay-city-series-vertical-canvas-prints,True
"Bath City Series Vertical Canvas Prints",https://www.aviationshop.com/products/bath-city-series-vertical-canvas-prints,True
"Batumi City Series Vertical Canvas Prints",https://www.aviationshop.com/products/batumi-city-series-vertical-canvas-prints,True
"Bayahibe City Series Vertical Canvas Prints",https://www.aviationshop.com/products/bayahibe-city-series-vertical-canvas-prints,True
"Bayfield City Series Vertical Canvas Prints",https://www.aviationshop.com/products/bayfield-city-series-vertical-canvas-prints,True
"Beaufort City Series Vertical Canvas Prints",https://www.aviationshop.com/products/beaufort-city-series-vertical-canvas-prints,True
"Beaune City Series Vertical Canvas Prints",https://www.aviationshop.com/products/beaune-city-series-vertical-canvas-prints,True
"Beechworth City Series Vertical Canvas Prints",https://www.aviationshop.com/products/beechworth-city-series-vertical-canvas-prints,True
"Begur City Series Vertical Canvas Prints",https://www.aviationshop.com/products/begur-city-series-vertical-canvas-prints,True
"Beijing City Series Vertical Canvas Prints",https://www.aviationshop.com/products/beijing-city-series-vertical-canvas-prints,True
"Belgrade City Series Vertical Canvas Prints",https://www.aviationshop.com/products/belgrade-city-series-vertical-canvas-prints,True
"Bellagio City Series Vertical Canvas Prints",https://www.aviationshop.com/products/bellagio-city-series-vertical-canvas-prints,True
"Bellinzona City Series Vertical Canvas Prints",https://www.aviationshop.com/products/bellinzona-city-series-vertical-canvas-prints,True
"Bendigo City Series Vertical Canvas Prints",https://www.aviationshop.com/products/bendigo-city-series-vertical-canvas-prints,True
"Beppu City Series Vertical Canvas Prints",https://www.aviationshop.com/products/beppu-city-series-vertical-canvas-prints,True
"Berat City Series Vertical Canvas Prints",https://www.aviationshop.com/products/berat-city-series-vertical-canvas-prints,True
"Berchtesgaden City Series Vertical Canvas Prints",https://www.aviationshop.com/products/berchtesgaden-city-series-vertical-canvas-prints,True
"Berlin City Series Vertical Canvas Prints",https://www.aviationshop.com/products/berlin-city-series-vertical-canvas-prints,True
"Besalu City Series Vertical Canvas Prints",https://www.aviationshop.com/products/besalu-city-series-vertical-canvas-prints,True
"Bhaktapur City Series Vertical Canvas Prints",https://www.aviationshop.com/products/bhaktapur-city-series-vertical-canvas-prints,True
"Bicheno City Series Vertical Canvas Prints",https://www.aviationshop.com/products/bicheno-city-series-vertical-canvas-prints,True
"Biei City Series Vertical Canvas Prints",https://www.aviationshop.com/products/biei-city-series-vertical-canvas-prints,True
"Big Bear Lake City Series Vertical Canvas Prints",https://www.aviationshop.com/products/big-bear-lake-city-series-vertical-canvas-prints,True
"Big Sur City Series Vertical Canvas Prints",https://www.aviationshop.com/products/big-sur-city-series-vertical-canvas-prints,True
"Bilbao City Series Vertical Canvas Prints",https://www.aviationshop.com/products/bilbao-city-series-vertical-canvas-prints,True
"Bimini City Series Vertical Canvas Prints",https://www.aviationshop.com/products/bimini-city-series-vertical-canvas-prints,True
"Biot City Series Vertical Canvas Prints",https://www.aviationshop.com/products/biot-city-series-vertical-canvas-prints,True
"Birmingham (United States) City Series Vertical Canvas Prints",https://www.aviationshop.com/products/birmingham-united-states-city-series-vertical-canvas-prints,True
"Bisbee City Series Vertical Canvas Prints",https://www.aviationshop.com/products/bisbee-city-series-vertical-canvas-prints,True
"Blagaj City Series Vertical Canvas Prints",https://www.aviationshop.com/products/blagaj-city-series-vertical-canvas-prints,True
"Bled City Series Vertical Canvas Prints",https://www.aviationshop.com/products/bled-city-series-vertical-canvas-prints,True
"Blenheim City Series Vertical Canvas Prints",https://www.aviationshop.com/products/blenheim-city-series-vertical-canvas-prints,True
"Blue Lagoon City Series Vertical Canvas Prints",https://www.aviationshop.com/products/blue-lagoon-city-series-vertical-canvas-prints,True
"Blue Mountain City Series Vertical Canvas Prints",https://www.aviationshop.com/products/blue-mountain-city-series-vertical-canvas-prints,True
"Blue Ridge City Series Vertical Canvas Prints",https://www.aviationshop.com/products/blue-ridge-city-series-vertical-canvas-prints,True
"Boca Grande City Series Vertical Canvas Prints",https://www.aviationshop.com/products/boca-grande-city-series-vertical-canvas-prints,True
"Bocas del Toro City Series Vertical Canvas Prints",https://www.aviationshop.com/products/bocas-del-toro-city-series-vertical-canvas-prints,True
"Bogota City Series Vertical Canvas Prints",https://www.aviationshop.com/products/bogota-city-series-vertical-canvas-prints,True
"Bohinj City Series Vertical Canvas Prints",https://www.aviationshop.com/products/bohinj-city-series-vertical-canvas-prints,True
"Bologna City Series Vertical Canvas Prints",https://www.aviationshop.com/products/bologna-city-series-vertical-canvas-prints,True
"Bolzano City Series Vertical Canvas Prints",https://www.aviationshop.com/products/bolzano-city-series-vertical-canvas-prints,True
"Bonito City Series Vertical Canvas Prints",https://www.aviationshop.com/products/bonito-city-series-vertical-canvas-prints,True
"Boquete City Series Vertical Canvas Prints",https://www.aviationshop.com/products/boquete-city-series-vertical-canvas-prints,True
"Bora Bora City Series Vertical Canvas Prints",https://www.aviationshop.com/products/bora-bora-city-series-vertical-canvas-prints,True
"Boseong City Series Vertical Canvas Prints",https://www.aviationshop.com/products/boseong-city-series-vertical-canvas-prints,True
"Boston City Series Vertical Canvas Prints",https://www.aviationshop.com/products/boston-city-series-vertical-canvas-prints,True
"Bozcaada City Series Vertical Canvas Prints",https://www.aviationshop.com/products/bozcaada-city-series-vertical-canvas-prints,True
"Braga City Series Vertical Canvas Prints",https://www.aviationshop.com/products/braga-city-series-vertical-canvas-prints,True
"Bran City Series Vertical Canvas Prints",https://www.aviationshop.com/products/bran-city-series-vertical-canvas-prints,True
"Branson City Series Vertical Canvas Prints",https://www.aviationshop.com/products/branson-city-series-vertical-canvas-prints,True
"Brasilia City Series Vertical Canvas Prints",https://www.aviationshop.com/products/brasilia-city-series-vertical-canvas-prints,True
"Brasov City Series Vertical Canvas Prints",https://www.aviationshop.com/products/brasov-city-series-vertical-canvas-prints,True
"Breckenridge City Series Vertical Canvas Prints",https://www.aviationshop.com/products/breckenridge-city-series-vertical-canvas-prints,True
"Bright City Series Vertical Canvas Prints",https://www.aviationshop.com/products/bright-city-series-vertical-canvas-prints,True
"Brighton City Series Vertical Canvas Prints",https://www.aviationshop.com/products/brighton-city-series-vertical-canvas-prints,True
"Brisbane City Series Vertical Canvas Prints",https://www.aviationshop.com/products/brisbane-city-series-vertical-canvas-prints,True
"Bristol (United Kingdom) City Series Vertical Canvas Prints",https://www.aviationshop.com/products/bristol-united-kingdom-city-series-vertical-canvas-prints,True
"Bromo City Series Vertical Canvas Prints",https://www.aviationshop.com/products/bromo-city-series-vertical-canvas-prints,True
"Broome City Series Vertical Canvas Prints",https://www.aviationshop.com/products/broome-city-series-vertical-canvas-prints,True
"Bruges City Series Vertical Canvas Prints",https://www.aviationshop.com/products/bruges-city-series-vertical-canvas-prints,True
"Bruny Island City Series Vertical Canvas Prints",https://www.aviationshop.com/products/bruny-island-city-series-vertical-canvas-prints,True
"Brussels City Series Vertical Canvas Prints",https://www.aviationshop.com/products/brussels-city-series-vertical-canvas-prints,True
"Bucharest City Series Vertical Canvas Prints",https://www.aviationshop.com/products/bucharest-city-series-vertical-canvas-prints,True
"Budapest City Series Vertical Canvas Prints",https://www.aviationshop.com/products/budapest-city-series-vertical-canvas-prints,True
"Budva City Series Vertical Canvas Prints",https://www.aviationshop.com/products/budva-city-series-vertical-canvas-prints,True
"Buenos Aires City Series Vertical Canvas Prints",https://www.aviationshop.com/products/buenos-aires-city-series-vertical-canvas-prints,True
"Bukittinggi City Series Vertical Canvas Prints",https://www.aviationshop.com/products/bukittinggi-city-series-vertical-canvas-prints,True
"Burbank City Series Vertical Canvas Prints",https://www.aviationshop.com/products/burbank-city-series-vertical-canvas-prints,True
"Busan City Series Vertical Canvas Prints",https://www.aviationshop.com/products/busan-city-series-vertical-canvas-prints,True
"Busselton City Series Vertical Canvas Prints",https://www.aviationshop.com/products/busselton-city-series-vertical-canvas-prints,True
"Buzios City Series Vertical Canvas Prints",https://www.aviationshop.com/products/buzios-city-series-vertical-canvas-prints,True
"Byron Bay City Series Vertical Canvas Prints",https://www.aviationshop.com/products/byron-bay-city-series-vertical-canvas-prints,True
"Cabarete City Series Vertical Canvas Prints",https://www.aviationshop.com/products/cabarete-city-series-vertical-canvas-prints,True
"Cadaques City Series Vertical Canvas Prints",https://www.aviationshop.com/products/cadaques-city-series-vertical-canvas-prints,True
"Cadiz City Series Vertical Canvas Prints",https://www.aviationshop.com/products/cadiz-city-series-vertical-canvas-prints,True
"Cafayate City Series Vertical Canvas Prints",https://www.aviationshop.com/products/cafayate-city-series-vertical-canvas-prints,True
"Cairo City Series Vertical Canvas Prints",https://www.aviationshop.com/products/cairo-city-series-vertical-canvas-prints,True
"Calgary City Series Vertical Canvas Prints",https://www.aviationshop.com/products/calgary-city-series-vertical-canvas-prints,True
"Calistoga City Series Vertical Canvas Prints",https://www.aviationshop.com/products/calistoga-city-series-vertical-canvas-prints,True
"Caloundra City Series Vertical Canvas Prints",https://www.aviationshop.com/products/caloundra-city-series-vertical-canvas-prints,True
"Cambridge City Series Vertical Canvas Prints",https://www.aviationshop.com/products/cambridge-city-series-vertical-canvas-prints,True
"Camden City Series Vertical Canvas Prints",https://www.aviationshop.com/products/camden-city-series-vertical-canvas-prints,True
"Cameron Highlands City Series Vertical Canvas Prints",https://www.aviationshop.com/products/cameron-highlands-city-series-vertical-canvas-prints,True
"Canela City Series Vertical Canvas Prints",https://www.aviationshop.com/products/canela-city-series-vertical-canvas-prints,True
"Canggu City Series Vertical Canvas Prints",https://www.aviationshop.com/products/canggu-city-series-vertical-canvas-prints,True
"Canmore City Series Vertical Canvas Prints",https://www.aviationshop.com/products/canmore-city-series-vertical-canvas-prints,True
"Cannes City Series Vertical Canvas Prints",https://www.aviationshop.com/products/cannes-city-series-vertical-canvas-prints,True
"Cannon Beach City Series Vertical Canvas Prints",https://www.aviationshop.com/products/cannon-beach-city-series-vertical-canvas-prints,True
"Canterbury City Series Vertical Canvas Prints",https://www.aviationshop.com/products/canterbury-city-series-vertical-canvas-prints,True
"Cape Coast City Series Vertical Canvas Prints",https://www.aviationshop.com/products/cape-coast-city-series-vertical-canvas-prints,True
"Cape May City Series Vertical Canvas Prints",https://www.aviationshop.com/products/cape-may-city-series-vertical-canvas-prints,True
"Cape Town City Series Vertical Canvas Prints",https://www.aviationshop.com/products/cape-town-city-series-vertical-canvas-prints,True
"Cappadocia City Series Vertical Canvas Prints",https://www.aviationshop.com/products/cappadocia-city-series-vertical-canvas-prints,True
"Capri City Series Vertical Canvas Prints",https://www.aviationshop.com/products/capri-city-series-vertical-canvas-prints,True
"Captiva City Series Vertical Canvas Prints",https://www.aviationshop.com/products/captiva-city-series-vertical-canvas-prints,True
"Carmel City Series Vertical Canvas Prints",https://www.aviationshop.com/products/carmel-city-series-vertical-canvas-prints,True
"Casablanca City Series Vertical Canvas Prints",https://www.aviationshop.com/products/casablanca-city-series-vertical-canvas-prints,True
"Cascais City Series Vertical Canvas Prints",https://www.aviationshop.com/products/cascais-city-series-vertical-canvas-prints,True
"Casco Viejo City Series Vertical Canvas Prints",https://www.aviationshop.com/products/casco-viejo-city-series-vertical-canvas-prints,True
"Cassis City Series Vertical Canvas Prints",https://www.aviationshop.com/products/cassis-city-series-vertical-canvas-prints,True
"Catania City Series Vertical Canvas Prints",https://www.aviationshop.com/products/catania-city-series-vertical-canvas-prints,True
"Caye Caulker City Series Vertical Canvas Prints",https://www.aviationshop.com/products/caye-caulker-city-series-vertical-canvas-prints,True
"Cedar Key City Series Vertical Canvas Prints",https://www.aviationshop.com/products/cedar-key-city-series-vertical-canvas-prints,True
"Cefalu City Series Vertical Canvas Prints",https://www.aviationshop.com/products/cefalu-city-series-vertical-canvas-prints,True
"Cesky Krumlov City Series Vertical Canvas Prints",https://www.aviationshop.com/products/cesky-krumlov-city-series-vertical-canvas-prints,True
"Cesme City Series Vertical Canvas Prints",https://www.aviationshop.com/products/cesme-city-series-vertical-canvas-prints,True
"Chamonix City Series Vertical Canvas Prints",https://www.aviationshop.com/products/chamonix-city-series-vertical-canvas-prints,True
"Charlotte City Series Vertical Canvas Prints",https://www.aviationshop.com/products/charlotte-city-series-vertical-canvas-prints,True
"Charlottetown City Series Vertical Canvas Prints",https://www.aviationshop.com/products/charlottetown-city-series-vertical-canvas-prints,True
"Chefchaouen City Series Vertical Canvas Prints",https://www.aviationshop.com/products/chefchaouen-city-series-vertical-canvas-prints,True
"Chengdu City Series Vertical Canvas Prints",https://www.aviationshop.com/products/chengdu-city-series-vertical-canvas-prints,True
"Chester City Series Vertical Canvas Prints",https://www.aviationshop.com/products/chester-city-series-vertical-canvas-prints,True
"Chicago City Series Vertical Canvas Prints",https://www.aviationshop.com/products/chicago-city-series-vertical-canvas-prints,True
"Churchill City Series Vertical Canvas Prints",https://www.aviationshop.com/products/churchill-city-series-vertical-canvas-prints,True
"Cincinnati City Series Vertical Canvas Prints",https://www.aviationshop.com/products/cincinnati-city-series-vertical-canvas-prints,True
"Cinque Terre City Series Vertical Canvas Prints",https://www.aviationshop.com/products/cinque-terre-city-series-vertical-canvas-prints,True
"Clarens City Series Vertical Canvas Prints",https://www.aviationshop.com/products/clarens-city-series-vertical-canvas-prints,True
"Clearwater Beach City Series Vertical Canvas Prints",https://www.aviationshop.com/products/clearwater-beach-city-series-vertical-canvas-prints,True
"Cliffs of Moher City Series Vertical Canvas Prints",https://www.aviationshop.com/products/cliffs-of-moher-city-series-vertical-canvas-prints,True
"Coffs Harbour City Series Vertical Canvas Prints",https://www.aviationshop.com/products/coffs-harbour-city-series-vertical-canvas-prints,True
"Coimbra City Series Vertical Canvas Prints",https://www.aviationshop.com/products/coimbra-city-series-vertical-canvas-prints,True
"Colmar City Series Vertical Canvas Prints",https://www.aviationshop.com/products/colmar-city-series-vertical-canvas-prints,True
"Cologne City Series Vertical Canvas Prints",https://www.aviationshop.com/products/cologne-city-series-vertical-canvas-prints,True
"Colombo City Series Vertical Canvas Prints",https://www.aviationshop.com/products/colombo-city-series-vertical-canvas-prints,True
"Colonia del Sacramento City Series Vertical Canvas Prints",https://www.aviationshop.com/products/colonia-del-sacramento-city-series-vertical-canvas-prints,True
"Comillas City Series Vertical Canvas Prints",https://www.aviationshop.com/products/comillas-city-series-vertical-canvas-prints,True
"Como City Series Vertical Canvas Prints",https://www.aviationshop.com/products/como-city-series-vertical-canvas-prints,True
"Conwy City Series Vertical Canvas Prints",https://www.aviationshop.com/products/conwy-city-series-vertical-canvas-prints,True
"Copacabana City Series Vertical Canvas Prints",https://www.aviationshop.com/products/copacabana-city-series-vertical-canvas-prints,True
"Copenhagen City Series Vertical Canvas Prints",https://www.aviationshop.com/products/copenhagen-city-series-vertical-canvas-prints,True
"Coral Bay City Series Vertical Canvas Prints",https://www.aviationshop.com/products/coral-bay-city-series-vertical-canvas-prints,True
"Coral Coast City Series Vertical Canvas Prints",https://www.aviationshop.com/products/coral-coast-city-series-vertical-canvas-prints,True
"Cordoba City Series Vertical Canvas Prints",https://www.aviationshop.com/products/cordoba-city-series-vertical-canvas-prints,True
"Cortina d'Ampezzo City Series Vertical Canvas Prints",https://www.aviationshop.com/products/cortina-dampezzo-city-series-vertical-canvas-prints,True
"Cortona City Series Vertical Canvas Prints",https://www.aviationshop.com/products/cortona-city-series-vertical-canvas-prints,True
"Cotswolds City Series Vertical Canvas Prints",https://www.aviationshop.com/products/cotswolds-city-series-vertical-canvas-prints,True
"Courchevel City Series Vertical Canvas Prints",https://www.aviationshop.com/products/courchevel-city-series-vertical-canvas-prints,True
"Cradle Mountain City Series Vertical Canvas Prints",https://www.aviationshop.com/products/cradle-mountain-city-series-vertical-canvas-prints,True
"Cromwell City Series Vertical Canvas Prints",https://www.aviationshop.com/products/cromwell-city-series-vertical-canvas-prints,True
"Cudillero City Series Vertical Canvas Prints",https://www.aviationshop.com/products/cudillero-city-series-vertical-canvas-prints,True
"Cuenca City Series Vertical Canvas Prints",https://www.aviationshop.com/products/cuenca-city-series-vertical-canvas-prints,True
"Culebra City Series Vertical Canvas Prints",https://www.aviationshop.com/products/culebra-city-series-vertical-canvas-prints,True
"Custer City Series Vertical Canvas Prints",https://www.aviationshop.com/products/custer-city-series-vertical-canvas-prints,True
"Da Lat City Series Vertical Canvas Prints",https://www.aviationshop.com/products/da-lat-city-series-vertical-canvas-prints,True
"Dahab City Series Vertical Canvas Prints",https://www.aviationshop.com/products/dahab-city-series-vertical-canvas-prints,True
"Dali City Series Vertical Canvas Prints",https://www.aviationshop.com/products/dali-city-series-vertical-canvas-prints,True
"Dallas City Series Vertical Canvas Prints",https://www.aviationshop.com/products/dallas-city-series-vertical-canvas-prints,True
"Damyang City Series Vertical Canvas Prints",https://www.aviationshop.com/products/damyang-city-series-vertical-canvas-prints,True
"Darjeeling City Series Vertical Canvas Prints",https://www.aviationshop.com/products/darjeeling-city-series-vertical-canvas-prints,True
"Datca City Series Vertical Canvas Prints",https://www.aviationshop.com/products/datca-city-series-vertical-canvas-prints,True
"Dauphin Island City Series Vertical Canvas Prints",https://www.aviationshop.com/products/dauphin-island-city-series-vertical-canvas-prints,True
"Davos City Series Vertical Canvas Prints",https://www.aviationshop.com/products/davos-city-series-vertical-canvas-prints,True
"Daylesford City Series Vertical Canvas Prints",https://www.aviationshop.com/products/daylesford-city-series-vertical-canvas-prints,True
"Deadwood City Series Vertical Canvas Prints",https://www.aviationshop.com/products/deadwood-city-series-vertical-canvas-prints,True
"Delft City Series Vertical Canvas Prints",https://www.aviationshop.com/products/delft-city-series-vertical-canvas-prints,True
"Delhi City Series Vertical Canvas Prints",https://www.aviationshop.com/products/delhi-city-series-vertical-canvas-prints,True
"Delphi City Series Vertical Canvas Prints",https://www.aviationshop.com/products/delphi-city-series-vertical-canvas-prints,True
"Denarau City Series Vertical Canvas Prints",https://www.aviationshop.com/products/denarau-city-series-vertical-canvas-prints,True
"Denia City Series Vertical Canvas Prints",https://www.aviationshop.com/products/denia-city-series-vertical-canvas-prints,True
"Denmark City Series Vertical Canvas Prints",https://www.aviationshop.com/products/denmark-city-series-vertical-canvas-prints,True
"Denver City Series Vertical Canvas Prints",https://www.aviationshop.com/products/denver-city-series-vertical-canvas-prints,True
"Diani Beach City Series Vertical Canvas Prints",https://www.aviationshop.com/products/diani-beach-city-series-vertical-canvas-prints,True
"Dijon City Series Vertical Canvas Prints",https://www.aviationshop.com/products/dijon-city-series-vertical-canvas-prints,True
"Dilijan City Series Vertical Canvas Prints",https://www.aviationshop.com/products/dilijan-city-series-vertical-canvas-prints,True
"Dinant City Series Vertical Canvas Prints",https://www.aviationshop.com/products/dinant-city-series-vertical-canvas-prints,True
"Dingle City Series Vertical Canvas Prints",https://www.aviationshop.com/products/dingle-city-series-vertical-canvas-prints,True
"Doha City Series Vertical Canvas Prints",https://www.aviationshop.com/products/doha-city-series-vertical-canvas-prints,True
"Doolin City Series Vertical Canvas Prints",https://www.aviationshop.com/products/doolin-city-series-vertical-canvas-prints,True
"Door County City Series Vertical Canvas Prints",https://www.aviationshop.com/products/door-county-city-series-vertical-canvas-prints,True
"Douro Valley City Series Vertical Canvas Prints",https://www.aviationshop.com/products/douro-valley-city-series-vertical-canvas-prints,True
"Dubai City Series Vertical Canvas Prints",https://www.aviationshop.com/products/dubai-city-series-vertical-canvas-prints,True
"Dublin City Series Vertical Canvas Prints",https://www.aviationshop.com/products/dublin-city-series-vertical-canvas-prints,True
"Dunhuang City Series Vertical Canvas Prints",https://www.aviationshop.com/products/dunhuang-city-series-vertical-canvas-prints,True
"Dunsborough City Series Vertical Canvas Prints",https://www.aviationshop.com/products/dunsborough-city-series-vertical-canvas-prints,True
"Durham City Series Vertical Canvas Prints",https://www.aviationshop.com/products/durham-city-series-vertical-canvas-prints,True
"Durnstein City Series Vertical Canvas Prints",https://www.aviationshop.com/products/durnstein-city-series-vertical-canvas-prints,True
"Echuca City Series Vertical Canvas Prints",https://www.aviationshop.com/products/echuca-city-series-vertical-canvas-prints,True
"Eger City Series Vertical Canvas Prints",https://www.aviationshop.com/products/eger-city-series-vertical-canvas-prints,True
"Eindhoven City Series Vertical Canvas Prints",https://www.aviationshop.com/products/eindhoven-city-series-vertical-canvas-prints,True
"El Chalten City Series Vertical Canvas Prints",https://www.aviationshop.com/products/el-chalten-city-series-vertical-canvas-prints,True
"El Nido City Series Vertical Canvas Prints",https://www.aviationshop.com/products/el-nido-city-series-vertical-canvas-prints,True
"Elounda City Series Vertical Canvas Prints",https://www.aviationshop.com/products/elounda-city-series-vertical-canvas-prints,True
"Ely City Series Vertical Canvas Prints",https://www.aviationshop.com/products/ely-city-series-vertical-canvas-prints,True
"English Harbour City Series Vertical Canvas Prints",https://www.aviationshop.com/products/english-harbour-city-series-vertical-canvas-prints,True
"Enoshima City Series Vertical Canvas Prints",https://www.aviationshop.com/products/enoshima-city-series-vertical-canvas-prints,True
"Ensenada City Series Vertical Canvas Prints",https://www.aviationshop.com/products/ensenada-city-series-vertical-canvas-prints,True
"Entebbe City Series Vertical Canvas Prints",https://www.aviationshop.com/products/entebbe-city-series-vertical-canvas-prints,True
"Ephesus City Series Vertical Canvas Prints",https://www.aviationshop.com/products/ephesus-city-series-vertical-canvas-prints,True
"Erice City Series Vertical Canvas Prints",https://www.aviationshop.com/products/erice-city-series-vertical-canvas-prints,True
"Ericeira City Series Vertical Canvas Prints",https://www.aviationshop.com/products/ericeira-city-series-vertical-canvas-prints,True
"Esperance City Series Vertical Canvas Prints",https://www.aviationshop.com/products/esperance-city-series-vertical-canvas-prints,True
"Espiritu Santo City Series Vertical Canvas Prints",https://www.aviationshop.com/products/espiritu-santo-city-series-vertical-canvas-prints,True
"Essaouira City Series Vertical Canvas Prints",https://www.aviationshop.com/products/essaouira-city-series-vertical-canvas-prints,True
"Estes Park City Series Vertical Canvas Prints",https://www.aviationshop.com/products/estes-park-city-series-vertical-canvas-prints,True
"Etretat City Series Vertical Canvas Prints",https://www.aviationshop.com/products/etretat-city-series-vertical-canvas-prints,True
"Eureka Springs City Series Vertical Canvas Prints",https://www.aviationshop.com/products/eureka-springs-city-series-vertical-canvas-prints,True
"Exmouth City Series Vertical Canvas Prints",https://www.aviationshop.com/products/exmouth-city-series-vertical-canvas-prints,True
"Exuma City Series Vertical Canvas Prints",https://www.aviationshop.com/products/exuma-city-series-vertical-canvas-prints,True
"Eze City Series Vertical Canvas Prints",https://www.aviationshop.com/products/eze-city-series-vertical-canvas-prints,True
"Fairhope City Series Vertical Canvas Prints",https://www.aviationshop.com/products/fairhope-city-series-vertical-canvas-prints,True
"Fenghuang City Series Vertical Canvas Prints",https://www.aviationshop.com/products/fenghuang-city-series-vertical-canvas-prints,True
"Ferrara City Series Vertical Canvas Prints",https://www.aviationshop.com/products/ferrara-city-series-vertical-canvas-prints,True
"Fes City Series Vertical Canvas Prints",https://www.aviationshop.com/products/fes-city-series-vertical-canvas-prints,True
"Fethiye City Series Vertical Canvas Prints",https://www.aviationshop.com/products/fethiye-city-series-vertical-canvas-prints,True
"Flam City Series Vertical Canvas Prints",https://www.aviationshop.com/products/flam-city-series-vertical-canvas-prints,True
"Florence City Series Vertical Canvas Prints",https://www.aviationshop.com/products/florence-city-series-vertical-canvas-prints,True
"Flores City Series Vertical Canvas Prints",https://www.aviationshop.com/products/flores-city-series-vertical-canvas-prints,True
"Folegandros City Series Vertical Canvas Prints",https://www.aviationshop.com/products/folegandros-city-series-vertical-canvas-prints,True
"Fort Pierce City Series Vertical Canvas Prints",https://www.aviationshop.com/products/fort-pierce-city-series-vertical-canvas-prints,True
"Fort William City Series Vertical Canvas Prints",https://www.aviationshop.com/products/fort-william-city-series-vertical-canvas-prints,True
"Fox Glacier City Series Vertical Canvas Prints",https://www.aviationshop.com/products/fox-glacier-city-series-vertical-canvas-prints,True
"Frankfurt City Series Vertical Canvas Prints",https://www.aviationshop.com/products/frankfurt-city-series-vertical-canvas-prints,True
"Franschhoek City Series Vertical Canvas Prints",https://www.aviationshop.com/products/franschhoek-city-series-vertical-canvas-prints,True
"Franz Josef City Series Vertical Canvas Prints",https://www.aviationshop.com/products/franz-josef-city-series-vertical-canvas-prints,True
"Fredericksburg City Series Vertical Canvas Prints",https://www.aviationshop.com/products/fredericksburg-city-series-vertical-canvas-prints,True
"Freiburg City Series Vertical Canvas Prints",https://www.aviationshop.com/products/freiburg-city-series-vertical-canvas-prints,True
"Friday Harbor City Series Vertical Canvas Prints",https://www.aviationshop.com/products/friday-harbor-city-series-vertical-canvas-prints,True
"Frigiliana City Series Vertical Canvas Prints",https://www.aviationshop.com/products/frigiliana-city-series-vertical-canvas-prints,True
"Fuerteventura City Series Vertical Canvas Prints",https://www.aviationshop.com/products/fuerteventura-city-series-vertical-canvas-prints,True
"Fukuoka City Series Vertical Canvas Prints",https://www.aviationshop.com/products/fukuoka-city-series-vertical-canvas-prints,True
"Furano City Series Vertical Canvas Prints",https://www.aviationshop.com/products/furano-city-series-vertical-canvas-prints,True
"Fussen City Series Vertical Canvas Prints",https://www.aviationshop.com/products/fussen-city-series-vertical-canvas-prints,True
"Galapagos City Series Vertical Canvas Prints",https://www.aviationshop.com/products/galapagos-city-series-vertical-canvas-prints,True
"Galena City Series Vertical Canvas Prints",https://www.aviationshop.com/products/galena-city-series-vertical-canvas-prints,True
"Galle City Series Vertical Canvas Prints",https://www.aviationshop.com/products/galle-city-series-vertical-canvas-prints,True
"Galveston City Series Vertical Canvas Prints",https://www.aviationshop.com/products/galveston-city-series-vertical-canvas-prints,True
"Galway City Series Vertical Canvas Prints",https://www.aviationshop.com/products/galway-city-series-vertical-canvas-prints,True
"Gangneung City Series Vertical Canvas Prints",https://www.aviationshop.com/products/gangneung-city-series-vertical-canvas-prints,True
"Garmisch City Series Vertical Canvas Prints",https://www.aviationshop.com/products/garmisch-city-series-vertical-canvas-prints,True
"Gatlinburg City Series Vertical Canvas Prints",https://www.aviationshop.com/products/gatlinburg-city-series-vertical-canvas-prints,True
"Gdansk City Series Vertical Canvas Prints",https://www.aviationshop.com/products/gdansk-city-series-vertical-canvas-prints,True
"Geiranger City Series Vertical Canvas Prints",https://www.aviationshop.com/products/geiranger-city-series-vertical-canvas-prints,True
"Geneva City Series Vertical Canvas Prints",https://www.aviationshop.com/products/geneva-city-series-vertical-canvas-prints,True
"Getaria City Series Vertical Canvas Prints",https://www.aviationshop.com/products/getaria-city-series-vertical-canvas-prints,True
"Ghent City Series Vertical Canvas Prints",https://www.aviationshop.com/products/ghent-city-series-vertical-canvas-prints,True
"Giant's Causeway City Series Vertical Canvas Prints",https://www.aviationshop.com/products/giants-causeway-city-series-vertical-canvas-prints,True
"Giethoorn City Series Vertical Canvas Prints",https://www.aviationshop.com/products/giethoorn-city-series-vertical-canvas-prints,True
"Gisenyi City Series Vertical Canvas Prints",https://www.aviationshop.com/products/gisenyi-city-series-vertical-canvas-prints,True
"Giverny City Series Vertical Canvas Prints",https://www.aviationshop.com/products/giverny-city-series-vertical-canvas-prints,True
"Gjirokaster City Series Vertical Canvas Prints",https://www.aviationshop.com/products/gjirokaster-city-series-vertical-canvas-prints,True
"Glenorchy City Series Vertical Canvas Prints",https://www.aviationshop.com/products/glenorchy-city-series-vertical-canvas-prints,True
"Gocek City Series Vertical Canvas Prints",https://www.aviationshop.com/products/gocek-city-series-vertical-canvas-prints,True
"Gokarna City Series Vertical Canvas Prints",https://www.aviationshop.com/products/gokarna-city-series-vertical-canvas-prints,True
"Gondar City Series Vertical Canvas Prints",https://www.aviationshop.com/products/gondar-city-series-vertical-canvas-prints,True
"Gordes City Series Vertical Canvas Prints",https://www.aviationshop.com/products/gordes-city-series-vertical-canvas-prints,True
"Goris City Series Vertical Canvas Prints",https://www.aviationshop.com/products/goris-city-series-vertical-canvas-prints,True
"Gozo City Series Vertical Canvas Prints",https://www.aviationshop.com/products/gozo-city-series-vertical-canvas-prints,True
"Grace Bay City Series Vertical Canvas Prints",https://www.aviationshop.com/products/grace-bay-city-series-vertical-canvas-prints,True
"Gramado City Series Vertical Canvas Prints",https://www.aviationshop.com/products/gramado-city-series-vertical-canvas-prints,True
"Granada (Nicaragua) City Series Vertical Canvas Prints",https://www.aviationshop.com/products/granada-nicaragua-city-series-vertical-canvas-prints,True
"Grand Marais City Series Vertical Canvas Prints",https://www.aviationshop.com/products/grand-marais-city-series-vertical-canvas-prints,True
"Grayton Beach City Series Vertical Canvas Prints",https://www.aviationshop.com/products/grayton-beach-city-series-vertical-canvas-prints,True
"Grindelwald City Series Vertical Canvas Prints",https://www.aviationshop.com/products/grindelwald-city-series-vertical-canvas-prints,True
"Gros Morne City Series Vertical Canvas Prints",https://www.aviationshop.com/products/gros-morne-city-series-vertical-canvas-prints,True
"Gstaad City Series Vertical Canvas Prints",https://www.aviationshop.com/products/gstaad-city-series-vertical-canvas-prints,True
"Guadalajara City Series Vertical Canvas Prints",https://www.aviationshop.com/products/guadalajara-city-series-vertical-canvas-prints,True
"Guanajuato City Series Vertical Canvas Prints",https://www.aviationshop.com/products/guanajuato-city-series-vertical-canvas-prints,True
"Guangzhou City Series Vertical Canvas Prints",https://www.aviationshop.com/products/guangzhou-city-series-vertical-canvas-prints,True
"Guatape City Series Vertical Canvas Prints",https://www.aviationshop.com/products/guatape-city-series-vertical-canvas-prints,True
"Guatemala City City Series Vertical Canvas Prints",https://www.aviationshop.com/products/guatemala-city-city-series-vertical-canvas-prints,True
"Guilin City Series Vertical Canvas Prints",https://www.aviationshop.com/products/guilin-city-series-vertical-canvas-prints,True
"Guimaraes City Series Vertical Canvas Prints",https://www.aviationshop.com/products/guimaraes-city-series-vertical-canvas-prints,True
"Gulf Shores City Series Vertical Canvas Prints",https://www.aviationshop.com/products/gulf-shores-city-series-vertical-canvas-prints,True
"Gyeongju City Series Vertical Canvas Prints",https://www.aviationshop.com/products/gyeongju-city-series-vertical-canvas-prints,True
"Ha Long Bay City Series Vertical Canvas Prints",https://www.aviationshop.com/products/ha-long-bay-city-series-vertical-canvas-prints,True
"Haarlem City Series Vertical Canvas Prints",https://www.aviationshop.com/products/haarlem-city-series-vertical-canvas-prints,True
"Hahndorf City Series Vertical Canvas Prints",https://www.aviationshop.com/products/hahndorf-city-series-vertical-canvas-prints,True
"Haifa City Series Vertical Canvas Prints",https://www.aviationshop.com/products/haifa-city-series-vertical-canvas-prints,True
"Hakone City Series Vertical Canvas Prints",https://www.aviationshop.com/products/hakone-city-series-vertical-canvas-prints,True
"Hakuba City Series Vertical Canvas Prints",https://www.aviationshop.com/products/hakuba-city-series-vertical-canvas-prints,True
"Half Moon Bay City Series Vertical Canvas Prints",https://www.aviationshop.com/products/half-moon-bay-city-series-vertical-canvas-prints,True
"Hamburg City Series Vertical Canvas Prints",https://www.aviationshop.com/products/hamburg-city-series-vertical-canvas-prints,True
"Hampi City Series Vertical Canvas Prints",https://www.aviationshop.com/products/hampi-city-series-vertical-canvas-prints,True
"Hanmer Springs City Series Vertical Canvas Prints",https://www.aviationshop.com/products/hanmer-springs-city-series-vertical-canvas-prints,True
"Harbour Island City Series Vertical Canvas Prints",https://www.aviationshop.com/products/harbour-island-city-series-vertical-canvas-prints,True
"Hartford City Series Vertical Canvas Prints",https://www.aviationshop.com/products/hartford-city-series-vertical-canvas-prints,True
"Havana City Series Vertical Canvas Prints",https://www.aviationshop.com/products/havana-city-series-vertical-canvas-prints,True
"Hazyview City Series Vertical Canvas Prints",https://www.aviationshop.com/products/hazyview-city-series-vertical-canvas-prints,True
"Healdsburg City Series Vertical Canvas Prints",https://www.aviationshop.com/products/healdsburg-city-series-vertical-canvas-prints,True
"Heidelberg City Series Vertical Canvas Prints",https://www.aviationshop.com/products/heidelberg-city-series-vertical-canvas-prints,True
"Helsinki City Series Vertical Canvas Prints",https://www.aviationshop.com/products/helsinki-city-series-vertical-canvas-prints,True
"Heraklion City Series Vertical Canvas Prints",https://www.aviationshop.com/products/heraklion-city-series-vertical-canvas-prints,True
"Hermanus City Series Vertical Canvas Prints",https://www.aviationshop.com/products/hermanus-city-series-vertical-canvas-prints,True
"Hervey Bay City Series Vertical Canvas Prints",https://www.aviationshop.com/products/hervey-bay-city-series-vertical-canvas-prints,True
"High Tatras City Series Vertical Canvas Prints",https://www.aviationshop.com/products/high-tatras-city-series-vertical-canvas-prints,True
"Hikkaduwa City Series Vertical Canvas Prints",https://www.aviationshop.com/products/hikkaduwa-city-series-vertical-canvas-prints,True
"Hilton Head City Series Vertical Canvas Prints",https://www.aviationshop.com/products/hilton-head-city-series-vertical-canvas-prints,True
"Himare City Series Vertical Canvas Prints",https://www.aviationshop.com/products/himare-city-series-vertical-canvas-prints,True
"Hoi An City Series Vertical Canvas Prints",https://www.aviationshop.com/products/hoi-an-city-series-vertical-canvas-prints,True
"Hokitika City Series Vertical Canvas Prints",https://www.aviationshop.com/products/hokitika-city-series-vertical-canvas-prints,True
"Holbox City Series Vertical Canvas Prints",https://www.aviationshop.com/products/holbox-city-series-vertical-canvas-prints,True
"Holland City Series Vertical Canvas Prints",https://www.aviationshop.com/products/holland-city-series-vertical-canvas-prints,True
"Hondarribia City Series Vertical Canvas Prints",https://www.aviationshop.com/products/hondarribia-city-series-vertical-canvas-prints,True
"Honfleur City Series Vertical Canvas Prints",https://www.aviationshop.com/products/honfleur-city-series-vertical-canvas-prints,True
"Hong Kong City Series Vertical Canvas Prints",https://www.aviationshop.com/products/hong-kong-city-series-vertical-canvas-prints,True
"Honolulu City Series Vertical Canvas Prints",https://www.aviationshop.com/products/honolulu-city-series-vertical-canvas-prints,True
"Hood River City Series Vertical Canvas Prints",https://www.aviationshop.com/products/hood-river-city-series-vertical-canvas-prints,True
"Hout Bay City Series Vertical Canvas Prints",https://www.aviationshop.com/products/hout-bay-city-series-vertical-canvas-prints,True
"Hua Hin City Series Vertical Canvas Prints",https://www.aviationshop.com/products/hua-hin-city-series-vertical-canvas-prints,True
"Huacachina City Series Vertical Canvas Prints",https://www.aviationshop.com/products/huacachina-city-series-vertical-canvas-prints,True
"Huangshan City Series Vertical Canvas Prints",https://www.aviationshop.com/products/huangshan-city-series-vertical-canvas-prints,True
"Huatulco City Series Vertical Canvas Prints",https://www.aviationshop.com/products/huatulco-city-series-vertical-canvas-prints,True
"Hunter Valley City Series Vertical Canvas Prints",https://www.aviationshop.com/products/hunter-valley-city-series-vertical-canvas-prints,True
"Hurghada City Series Vertical Canvas Prints",https://www.aviationshop.com/products/hurghada-city-series-vertical-canvas-prints,True
"Husavik City Series Vertical Canvas Prints",https://www.aviationshop.com/products/husavik-city-series-vertical-canvas-prints,True
"Hvar City Series Vertical Canvas Prints",https://www.aviationshop.com/products/hvar-city-series-vertical-canvas-prints,True
"Hydra City Series Vertical Canvas Prints",https://www.aviationshop.com/products/hydra-city-series-vertical-canvas-prints,True
"Ifrane City Series Vertical Canvas Prints",https://www.aviationshop.com/products/ifrane-city-series-vertical-canvas-prints,True
"Ilha Grande City Series Vertical Canvas Prints",https://www.aviationshop.com/products/ilha-grande-city-series-vertical-canvas-prints,True
"Indianapolis City Series Vertical Canvas Prints",https://www.aviationshop.com/products/indianapolis-city-series-vertical-canvas-prints,True
"Interlaken City Series Vertical Canvas Prints",https://www.aviationshop.com/products/interlaken-city-series-vertical-canvas-prints,True
"Ise City Series Vertical Canvas Prints",https://www.aviationshop.com/products/ise-city-series-vertical-canvas-prints,True
"Isla Mujeres City Series Vertical Canvas Prints",https://www.aviationshop.com/products/isla-mujeres-city-series-vertical-canvas-prints,True
"Islamorada City Series Vertical Canvas Prints",https://www.aviationshop.com/products/islamorada-city-series-vertical-canvas-prints,True
"Jackson Hole City Series Vertical Canvas Prints",https://www.aviationshop.com/products/jackson-hole-city-series-vertical-canvas-prints,True
"Jacksonville City Series Vertical Canvas Prints",https://www.aviationshop.com/products/jacksonville-city-series-vertical-canvas-prints,True
"Jaisalmer City Series Vertical Canvas Prints",https://www.aviationshop.com/products/jaisalmer-city-series-vertical-canvas-prints,True
"Jardin City Series Vertical Canvas Prints",https://www.aviationshop.com/products/jardin-city-series-vertical-canvas-prints,True
"Jasper City Series Vertical Canvas Prints",https://www.aviationshop.com/products/jasper-city-series-vertical-canvas-prints,True
"Javea City Series Vertical Canvas Prints",https://www.aviationshop.com/products/javea-city-series-vertical-canvas-prints,True
"Jeffreys Bay City Series Vertical Canvas Prints",https://www.aviationshop.com/products/jeffreys-bay-city-series-vertical-canvas-prints,True
"Jeonju City Series Vertical Canvas Prints",https://www.aviationshop.com/products/jeonju-city-series-vertical-canvas-prints,True
"Jerash City Series Vertical Canvas Prints",https://www.aviationshop.com/products/jerash-city-series-vertical-canvas-prints,True
"Jericoacoara City Series Vertical Canvas Prints",https://www.aviationshop.com/products/jericoacoara-city-series-vertical-canvas-prints,True
"Jerome City Series Vertical Canvas Prints",https://www.aviationshop.com/products/jerome-city-series-vertical-canvas-prints,True
"Jerusalem City Series Vertical Canvas Prints",https://www.aviationshop.com/products/jerusalem-city-series-vertical-canvas-prints,True
"Jervis Bay City Series Vertical Canvas Prints",https://www.aviationshop.com/products/jervis-bay-city-series-vertical-canvas-prints,True
"Jinja City Series Vertical Canvas Prints",https://www.aviationshop.com/products/jinja-city-series-vertical-canvas-prints,True
"Jiufen City Series Vertical Canvas Prints",https://www.aviationshop.com/products/jiufen-city-series-vertical-canvas-prints,True
"Jiuzhaigou City Series Vertical Canvas Prints",https://www.aviationshop.com/products/jiuzhaigou-city-series-vertical-canvas-prints,True
"Jodhpur City Series Vertical Canvas Prints",https://www.aviationshop.com/products/jodhpur-city-series-vertical-canvas-prints,True
"Jose Ignacio City Series Vertical Canvas Prints",https://www.aviationshop.com/products/jose-ignacio-city-series-vertical-canvas-prints,True
"Joseph City Series Vertical Canvas Prints",https://www.aviationshop.com/products/joseph-city-series-vertical-canvas-prints,True
"Julian City Series Vertical Canvas Prints",https://www.aviationshop.com/products/julian-city-series-vertical-canvas-prints,True
"Kaikoura City Series Vertical Canvas Prints",https://www.aviationshop.com/products/kaikoura-city-series-vertical-canvas-prints,True
"Kalk Bay City Series Vertical Canvas Prints",https://www.aviationshop.com/products/kalk-bay-city-series-vertical-canvas-prints,True
"Kalkan City Series Vertical Canvas Prints",https://www.aviationshop.com/products/kalkan-city-series-vertical-canvas-prints,True
"Kamakura City Series Vertical Canvas Prints",https://www.aviationshop.com/products/kamakura-city-series-vertical-canvas-prints,True
"Kamianets-Podilskyi City Series Vertical Canvas Prints",https://www.aviationshop.com/products/kamianets-podilskyi-city-series-vertical-canvas-prints,True
"Kampot City Series Vertical Canvas Prints",https://www.aviationshop.com/products/kampot-city-series-vertical-canvas-prints,True
"Kanazawa City Series Vertical Canvas Prints",https://www.aviationshop.com/products/kanazawa-city-series-vertical-canvas-prints,True
"Kanchanaburi City Series Vertical Canvas Prints",https://www.aviationshop.com/products/kanchanaburi-city-series-vertical-canvas-prints,True
"Kandy City Series Vertical Canvas Prints",https://www.aviationshop.com/products/kandy-city-series-vertical-canvas-prints,True
"Kangaroo Island City Series Vertical Canvas Prints",https://www.aviationshop.com/products/kangaroo-island-city-series-vertical-canvas-prints,True
"Kansas City City Series Vertical Canvas Prints",https://www.aviationshop.com/products/kansas-city-city-series-vertical-canvas-prints,True
"Karakol City Series Vertical Canvas Prints",https://www.aviationshop.com/products/karakol-city-series-vertical-canvas-prints,True
"Karijini City Series Vertical Canvas Prints",https://www.aviationshop.com/products/karijini-city-series-vertical-canvas-prints,True
"Karlovy Vary City Series Vertical Canvas Prints",https://www.aviationshop.com/products/karlovy-vary-city-series-vertical-canvas-prints,True
"Kas City Series Vertical Canvas Prints",https://www.aviationshop.com/products/kas-city-series-vertical-canvas-prints,True
"Kasane City Series Vertical Canvas Prints",https://www.aviationshop.com/products/kasane-city-series-vertical-canvas-prints,True
"Kashgar City Series Vertical Canvas Prints",https://www.aviationshop.com/products/kashgar-city-series-vertical-canvas-prints,True
"Katoomba City Series Vertical Canvas Prints",https://www.aviationshop.com/products/katoomba-city-series-vertical-canvas-prints,True
"Kawaguchiko City Series Vertical Canvas Prints",https://www.aviationshop.com/products/kawaguchiko-city-series-vertical-canvas-prints,True
"Kawah Ijen City Series Vertical Canvas Prints",https://www.aviationshop.com/products/kawah-ijen-city-series-vertical-canvas-prints,True
"Kazan City Series Vertical Canvas Prints",https://www.aviationshop.com/products/kazan-city-series-vertical-canvas-prints,True
"Kazbegi City Series Vertical Canvas Prints",https://www.aviationshop.com/products/kazbegi-city-series-vertical-canvas-prints,True
"Kazimierz Dolny City Series Vertical Canvas Prints",https://www.aviationshop.com/products/kazimierz-dolny-city-series-vertical-canvas-prints,True
"Kennebunkport City Series Vertical Canvas Prints",https://www.aviationshop.com/products/kennebunkport-city-series-vertical-canvas-prints,True
"Kenting City Series Vertical Canvas Prints",https://www.aviationshop.com/products/kenting-city-series-vertical-canvas-prints,True
"Kep City Series Vertical Canvas Prints",https://www.aviationshop.com/products/kep-city-series-vertical-canvas-prints,True
"Key West City Series Vertical Canvas Prints",https://www.aviationshop.com/products/key-west-city-series-vertical-canvas-prints,True
"Khajuraho City Series Vertical Canvas Prints",https://www.aviationshop.com/products/khajuraho-city-series-vertical-canvas-prints,True
"Khao Sok City Series Vertical Canvas Prints",https://www.aviationshop.com/products/khao-sok-city-series-vertical-canvas-prints,True
"Kharkhorin City Series Vertical Canvas Prints",https://www.aviationshop.com/products/kharkhorin-city-series-vertical-canvas-prints,True
"Khiva City Series Vertical Canvas Prints",https://www.aviationshop.com/products/khiva-city-series-vertical-canvas-prints,True
"Kiama City Series Vertical Canvas Prints",https://www.aviationshop.com/products/kiama-city-series-vertical-canvas-prints,True
"Kilkenny City Series Vertical Canvas Prints",https://www.aviationshop.com/products/kilkenny-city-series-vertical-canvas-prints,True
"Kingscliff City Series Vertical Canvas Prints",https://www.aviationshop.com/products/kingscliff-city-series-vertical-canvas-prints,True
"Kinosaki Onsen City Series Vertical Canvas Prints",https://www.aviationshop.com/products/kinosaki-onsen-city-series-vertical-canvas-prints,True
"Kinsale City Series Vertical Canvas Prints",https://www.aviationshop.com/products/kinsale-city-series-vertical-canvas-prints,True
"Kitzbuhel City Series Vertical Canvas Prints",https://www.aviationshop.com/products/kitzbuhel-city-series-vertical-canvas-prints,True
"Knysna City Series Vertical Canvas Prints",https://www.aviationshop.com/products/knysna-city-series-vertical-canvas-prints,True
"Koh Chang City Series Vertical Canvas Prints",https://www.aviationshop.com/products/koh-chang-city-series-vertical-canvas-prints,True
"Koh Lanta City Series Vertical Canvas Prints",https://www.aviationshop.com/products/koh-lanta-city-series-vertical-canvas-prints,True
"Koh Lipe City Series Vertical Canvas Prints",https://www.aviationshop.com/products/koh-lipe-city-series-vertical-canvas-prints,True
"Koh Phangan City Series Vertical Canvas Prints",https://www.aviationshop.com/products/koh-phangan-city-series-vertical-canvas-prints,True
"Koh Phi Phi City Series Vertical Canvas Prints",https://www.aviationshop.com/products/koh-phi-phi-city-series-vertical-canvas-prints,True
"Koh Rong City Series Vertical Canvas Prints",https://www.aviationshop.com/products/koh-rong-city-series-vertical-canvas-prints,True
"Koh Tao City Series Vertical Canvas Prints",https://www.aviationshop.com/products/koh-tao-city-series-vertical-canvas-prints,True
"Koror City Series Vertical Canvas Prints",https://www.aviationshop.com/products/koror-city-series-vertical-canvas-prints,True
"Kotor City Series Vertical Canvas Prints",https://www.aviationshop.com/products/kotor-city-series-vertical-canvas-prints,True
"Koyasan City Series Vertical Canvas Prints",https://www.aviationshop.com/products/koyasan-city-series-vertical-canvas-prints,True
"Krakow City Series Vertical Canvas Prints",https://www.aviationshop.com/products/krakow-city-series-vertical-canvas-prints,True
"Kranjska Gora City Series Vertical Canvas Prints",https://www.aviationshop.com/products/kranjska-gora-city-series-vertical-canvas-prints,True
"Ksamil City Series Vertical Canvas Prints",https://www.aviationshop.com/products/ksamil-city-series-vertical-canvas-prints,True
"Kununurra City Series Vertical Canvas Prints",https://www.aviationshop.com/products/kununurra-city-series-vertical-canvas-prints,True
"Kurashiki City Series Vertical Canvas Prints",https://www.aviationshop.com/products/kurashiki-city-series-vertical-canvas-prints,True
"Kusadasi City Series Vertical Canvas Prints",https://www.aviationshop.com/products/kusadasi-city-series-vertical-canvas-prints,True
"Kutna Hora City Series Vertical Canvas Prints",https://www.aviationshop.com/products/kutna-hora-city-series-vertical-canvas-prints,True
"Kyoto City Series Vertical Canvas Prints",https://www.aviationshop.com/products/kyoto-city-series-vertical-canvas-prints,True
"La Fortuna City Series Vertical Canvas Prints",https://www.aviationshop.com/products/la-fortuna-city-series-vertical-canvas-prints,True
"Labuan Bajo City Series Vertical Canvas Prints",https://www.aviationshop.com/products/labuan-bajo-city-series-vertical-canvas-prints,True
"Laguna Beach City Series Vertical Canvas Prints",https://www.aviationshop.com/products/laguna-beach-city-series-vertical-canvas-prints,True
"Lake Atitlan City Series Vertical Canvas Prints",https://www.aviationshop.com/products/lake-atitlan-city-series-vertical-canvas-prints,True
"Lake District City Series Vertical Canvas Prints",https://www.aviationshop.com/products/lake-district-city-series-vertical-canvas-prints,True
"Lake Geneva City Series Vertical Canvas Prints",https://www.aviationshop.com/products/lake-geneva-city-series-vertical-canvas-prints,True
"Lake Louise City Series Vertical Canvas Prints",https://www.aviationshop.com/products/lake-louise-city-series-vertical-canvas-prints,True
"Lake Tahoe City Series Vertical Canvas Prints",https://www.aviationshop.com/products/lake-tahoe-city-series-vertical-canvas-prints,True
"Lalibela City Series Vertical Canvas Prints",https://www.aviationshop.com/products/lalibela-city-series-vertical-canvas-prints,True
"Lanzarote City Series Vertical Canvas Prints",https://www.aviationshop.com/products/lanzarote-city-series-vertical-canvas-prints,True
"Larnaca City Series Vertical Canvas Prints",https://www.aviationshop.com/products/larnaca-city-series-vertical-canvas-prints,True
"Las Terrenas City Series Vertical Canvas Prints",https://www.aviationshop.com/products/las-terrenas-city-series-vertical-canvas-prints,True
"Lauterbrunnen City Series Vertical Canvas Prints",https://www.aviationshop.com/products/lauterbrunnen-city-series-vertical-canvas-prints,True
"Leavenworth City Series Vertical Canvas Prints",https://www.aviationshop.com/products/leavenworth-city-series-vertical-canvas-prints,True
"Leh City Series Vertical Canvas Prints",https://www.aviationshop.com/products/leh-city-series-vertical-canvas-prints,True
"Leiden City Series Vertical Canvas Prints",https://www.aviationshop.com/products/leiden-city-series-vertical-canvas-prints,True
"Leuven City Series Vertical Canvas Prints",https://www.aviationshop.com/products/leuven-city-series-vertical-canvas-prints,True
"Lijiang City Series Vertical Canvas Prints",https://www.aviationshop.com/products/lijiang-city-series-vertical-canvas-prints,True
"Lindos City Series Vertical Canvas Prints",https://www.aviationshop.com/products/lindos-city-series-vertical-canvas-prints,True
"Livingstone City Series Vertical Canvas Prints",https://www.aviationshop.com/products/livingstone-city-series-vertical-canvas-prints,True
"Lofoten City Series Vertical Canvas Prints",https://www.aviationshop.com/products/lofoten-city-series-vertical-canvas-prints,True
"Loreto City Series Vertical Canvas Prints",https://www.aviationshop.com/products/loreto-city-series-vertical-canvas-prints,True
"Lorne City Series Vertical Canvas Prints",https://www.aviationshop.com/products/lorne-city-series-vertical-canvas-prints,True
"Lucca City Series Vertical Canvas Prints",https://www.aviationshop.com/products/lucca-city-series-vertical-canvas-prints,True
"Lucerne City Series Vertical Canvas Prints",https://www.aviationshop.com/products/lucerne-city-series-vertical-canvas-prints,True
"Luderitz City Series Vertical Canvas Prints",https://www.aviationshop.com/products/luderitz-city-series-vertical-canvas-prints,True
"Lunenburg City Series Vertical Canvas Prints",https://www.aviationshop.com/products/lunenburg-city-series-vertical-canvas-prints,True
"Lyon City Series Vertical Canvas Prints",https://www.aviationshop.com/products/lyon-city-series-vertical-canvas-prints,True
"Maafushi City Series Vertical Canvas Prints",https://www.aviationshop.com/products/maafushi-city-series-vertical-canvas-prints,True
"Machu Picchu City Series Vertical Canvas Prints",https://www.aviationshop.com/products/machu-picchu-city-series-vertical-canvas-prints,True
"Mackinac Island City Series Vertical Canvas Prints",https://www.aviationshop.com/products/mackinac-island-city-series-vertical-canvas-prints,True
"Madaba City Series Vertical Canvas Prints",https://www.aviationshop.com/products/madaba-city-series-vertical-canvas-prints,True
"Magnetic Island City Series Vertical Canvas Prints",https://www.aviationshop.com/products/magnetic-island-city-series-vertical-canvas-prints,True
"Magome City Series Vertical Canvas Prints",https://www.aviationshop.com/products/magome-city-series-vertical-canvas-prints,True
"Makarska City Series Vertical Canvas Prints",https://www.aviationshop.com/products/makarska-city-series-vertical-canvas-prints,True
"Malacca City Series Vertical Canvas Prints",https://www.aviationshop.com/products/malacca-city-series-vertical-canvas-prints,True
"Malbork City Series Vertical Canvas Prints",https://www.aviationshop.com/products/malbork-city-series-vertical-canvas-prints,True
"Malcesine City Series Vertical Canvas Prints",https://www.aviationshop.com/products/malcesine-city-series-vertical-canvas-prints,True
"Manali City Series Vertical Canvas Prints",https://www.aviationshop.com/products/manali-city-series-vertical-canvas-prints,True
"Mancora City Series Vertical Canvas Prints",https://www.aviationshop.com/products/mancora-city-series-vertical-canvas-prints,True
"Mangonui City Series Vertical Canvas Prints",https://www.aviationshop.com/products/mangonui-city-series-vertical-canvas-prints,True
"Mantua City Series Vertical Canvas Prints",https://www.aviationshop.com/products/mantua-city-series-vertical-canvas-prints,True
"Manuel Antonio City Series Vertical Canvas Prints",https://www.aviationshop.com/products/manuel-antonio-city-series-vertical-canvas-prints,True
"Marathon City Series Vertical Canvas Prints",https://www.aviationshop.com/products/marathon-city-series-vertical-canvas-prints,True
"Marbella City Series Vertical Canvas Prints",https://www.aviationshop.com/products/marbella-city-series-vertical-canvas-prints,True
"Marco Island City Series Vertical Canvas Prints",https://www.aviationshop.com/products/marco-island-city-series-vertical-canvas-prints,True
"Mardin City Series Vertical Canvas Prints",https://www.aviationshop.com/products/mardin-city-series-vertical-canvas-prints,True
"Marfa City Series Vertical Canvas Prints",https://www.aviationshop.com/products/marfa-city-series-vertical-canvas-prints,True
"Margaret River City Series Vertical Canvas Prints",https://www.aviationshop.com/products/margaret-river-city-series-vertical-canvas-prints,True
"Marmaris City Series Vertical Canvas Prints",https://www.aviationshop.com/products/marmaris-city-series-vertical-canvas-prints,True
"Marsaxlokk City Series Vertical Canvas Prints",https://www.aviationshop.com/products/marsaxlokk-city-series-vertical-canvas-prints,True
"Marvao City Series Vertical Canvas Prints",https://www.aviationshop.com/products/marvao-city-series-vertical-canvas-prints,True
"Matera City Series Vertical Canvas Prints",https://www.aviationshop.com/products/matera-city-series-vertical-canvas-prints,True
"Maun City Series Vertical Canvas Prints",https://www.aviationshop.com/products/maun-city-series-vertical-canvas-prints,True
"Mdina City Series Vertical Canvas Prints",https://www.aviationshop.com/products/mdina-city-series-vertical-canvas-prints,True
"Medora City Series Vertical Canvas Prints",https://www.aviationshop.com/products/medora-city-series-vertical-canvas-prints,True
"Megeve City Series Vertical Canvas Prints",https://www.aviationshop.com/products/megeve-city-series-vertical-canvas-prints,True
"Melk City Series Vertical Canvas Prints",https://www.aviationshop.com/products/melk-city-series-vertical-canvas-prints,True
"Menton City Series Vertical Canvas Prints",https://www.aviationshop.com/products/menton-city-series-vertical-canvas-prints,True
"Merimbula City Series Vertical Canvas Prints",https://www.aviationshop.com/products/merimbula-city-series-vertical-canvas-prints,True
"Merzouga City Series Vertical Canvas Prints",https://www.aviationshop.com/products/merzouga-city-series-vertical-canvas-prints,True
"Mestia City Series Vertical Canvas Prints",https://www.aviationshop.com/products/mestia-city-series-vertical-canvas-prints,True
"Meteora City Series Vertical Canvas Prints",https://www.aviationshop.com/products/meteora-city-series-vertical-canvas-prints,True
"Mijas City Series Vertical Canvas Prints",https://www.aviationshop.com/products/mijas-city-series-vertical-canvas-prints,True
"Milford Sound City Series Vertical Canvas Prints",https://www.aviationshop.com/products/milford-sound-city-series-vertical-canvas-prints,True
"Milwaukee City Series Vertical Canvas Prints",https://www.aviationshop.com/products/milwaukee-city-series-vertical-canvas-prints,True
"Minca City Series Vertical Canvas Prints",https://www.aviationshop.com/products/minca-city-series-vertical-canvas-prints,True
"Mindelo City Series Vertical Canvas Prints",https://www.aviationshop.com/products/mindelo-city-series-vertical-canvas-prints,True
"Minsk City Series Vertical Canvas Prints",https://www.aviationshop.com/products/minsk-city-series-vertical-canvas-prints,True
"Mission Beach City Series Vertical Canvas Prints",https://www.aviationshop.com/products/mission-beach-city-series-vertical-canvas-prints,True
"Miyajima City Series Vertical Canvas Prints",https://www.aviationshop.com/products/miyajima-city-series-vertical-canvas-prints,True
"Miyakojima City Series Vertical Canvas Prints",https://www.aviationshop.com/products/miyakojima-city-series-vertical-canvas-prints,True
"Moab City Series Vertical Canvas Prints",https://www.aviationshop.com/products/moab-city-series-vertical-canvas-prints,True
"Moalboal City Series Vertical Canvas Prints",https://www.aviationshop.com/products/moalboal-city-series-vertical-canvas-prints,True
"Modena City Series Vertical Canvas Prints",https://www.aviationshop.com/products/modena-city-series-vertical-canvas-prints,True
"Monaco City Series Vertical Canvas Prints",https://www.aviationshop.com/products/monaco-city-series-vertical-canvas-prints,True
"Monemvasia City Series Vertical Canvas Prints",https://www.aviationshop.com/products/monemvasia-city-series-vertical-canvas-prints,True
"Monsaraz City Series Vertical Canvas Prints",https://www.aviationshop.com/products/monsaraz-city-series-vertical-canvas-prints,True
"Monschau City Series Vertical Canvas Prints",https://www.aviationshop.com/products/monschau-city-series-vertical-canvas-prints,True
"Mont Saint-Michel City Series Vertical Canvas Prints",https://www.aviationshop.com/products/mont-saint-michel-city-series-vertical-canvas-prints,True
"Mont-Tremblant City Series Vertical Canvas Prints",https://www.aviationshop.com/products/mont-tremblant-city-series-vertical-canvas-prints,True
"Montego Bay City Series Vertical Canvas Prints",https://www.aviationshop.com/products/montego-bay-city-series-vertical-canvas-prints,True
"Montepulciano City Series Vertical Canvas Prints",https://www.aviationshop.com/products/montepulciano-city-series-vertical-canvas-prints,True
"Monteverde City Series Vertical Canvas Prints",https://www.aviationshop.com/products/monteverde-city-series-vertical-canvas-prints,True
"Moorea City Series Vertical Canvas Prints",https://www.aviationshop.com/products/moorea-city-series-vertical-canvas-prints,True
"Morro Bay City Series Vertical Canvas Prints",https://www.aviationshop.com/products/morro-bay-city-series-vertical-canvas-prints,True
"Moscow City Series Vertical Canvas Prints",https://www.aviationshop.com/products/moscow-city-series-vertical-canvas-prints,True
"Moshi City Series Vertical Canvas Prints",https://www.aviationshop.com/products/moshi-city-series-vertical-canvas-prints,True
"Mostar City Series Vertical Canvas Prints",https://www.aviationshop.com/products/mostar-city-series-vertical-canvas-prints,True
"Motovun City Series Vertical Canvas Prints",https://www.aviationshop.com/products/motovun-city-series-vertical-canvas-prints,True
"Motueka City Series Vertical Canvas Prints",https://www.aviationshop.com/products/motueka-city-series-vertical-canvas-prints,True
"Mount Abu City Series Vertical Canvas Prints",https://www.aviationshop.com/products/mount-abu-city-series-vertical-canvas-prints,True
"Mount Dora City Series Vertical Canvas Prints",https://www.aviationshop.com/products/mount-dora-city-series-vertical-canvas-prints,True
"Moustiers City Series Vertical Canvas Prints",https://www.aviationshop.com/products/moustiers-city-series-vertical-canvas-prints,True
"Mui Ne City Series Vertical Canvas Prints",https://www.aviationshop.com/products/mui-ne-city-series-vertical-canvas-prints,True
"Munduk City Series Vertical Canvas Prints",https://www.aviationshop.com/products/munduk-city-series-vertical-canvas-prints,True
"Munnar City Series Vertical Canvas Prints",https://www.aviationshop.com/products/munnar-city-series-vertical-canvas-prints,True
"Murren City Series Vertical Canvas Prints",https://www.aviationshop.com/products/murren-city-series-vertical-canvas-prints,True
"Mystic City Series Vertical Canvas Prints",https://www.aviationshop.com/products/mystic-city-series-vertical-canvas-prints,True
"Nafplio City Series Vertical Canvas Prints",https://www.aviationshop.com/products/nafplio-city-series-vertical-canvas-prints,True
"Nagarkot City Series Vertical Canvas Prints",https://www.aviationshop.com/products/nagarkot-city-series-vertical-canvas-prints,True
"Naivasha City Series Vertical Canvas Prints",https://www.aviationshop.com/products/naivasha-city-series-vertical-canvas-prints,True
"Naoshima City Series Vertical Canvas Prints",https://www.aviationshop.com/products/naoshima-city-series-vertical-canvas-prints,True
"Napier City Series Vertical Canvas Prints",https://www.aviationshop.com/products/napier-city-series-vertical-canvas-prints,True
"Nara City Series Vertical Canvas Prints",https://www.aviationshop.com/products/nara-city-series-vertical-canvas-prints,True
"Natchez City Series Vertical Canvas Prints",https://www.aviationshop.com/products/natchez-city-series-vertical-canvas-prints,True
"Natchitoches City Series Vertical Canvas Prints",https://www.aviationshop.com/products/natchitoches-city-series-vertical-canvas-prints,True
"Nazare City Series Vertical Canvas Prints",https://www.aviationshop.com/products/nazare-city-series-vertical-canvas-prints,True
"Nazareth City Series Vertical Canvas Prints",https://www.aviationshop.com/products/nazareth-city-series-vertical-canvas-prints,True
"Negril City Series Vertical Canvas Prints",https://www.aviationshop.com/products/negril-city-series-vertical-canvas-prints,True
"Nelson (Canada) City Series Vertical Canvas Prints",https://www.aviationshop.com/products/nelson-canada-city-series-vertical-canvas-prints,True
"Nelson (New Zealand) City Series Vertical Canvas Prints",https://www.aviationshop.com/products/nelson-new-zealand-city-series-vertical-canvas-prints,True
"Nerja City Series Vertical Canvas Prints",https://www.aviationshop.com/products/nerja-city-series-vertical-canvas-prints,True
"Nessebar City Series Vertical Canvas Prints",https://www.aviationshop.com/products/nessebar-city-series-vertical-canvas-prints,True
"New Plymouth City Series Vertical Canvas Prints",https://www.aviationshop.com/products/new-plymouth-city-series-vertical-canvas-prints,True
"Newport City Series Vertical Canvas Prints",https://www.aviationshop.com/products/newport-city-series-vertical-canvas-prints,True
"Niagara Falls City Series Vertical Canvas Prints",https://www.aviationshop.com/products/niagara-falls-city-series-vertical-canvas-prints,True
"Nikko City Series Vertical Canvas Prints",https://www.aviationshop.com/products/nikko-city-series-vertical-canvas-prints,True
"Ninh Binh City Series Vertical Canvas Prints",https://www.aviationshop.com/products/ninh-binh-city-series-vertical-canvas-prints,True
"Nong Khiaw City Series Vertical Canvas Prints",https://www.aviationshop.com/products/nong-khiaw-city-series-vertical-canvas-prints,True
"Noosa City Series Vertical Canvas Prints",https://www.aviationshop.com/products/noosa-city-series-vertical-canvas-prints,True
"North Conway City Series Vertical Canvas Prints",https://www.aviationshop.com/products/north-conway-city-series-vertical-canvas-prints,True
"Nosara City Series Vertical Canvas Prints",https://www.aviationshop.com/products/nosara-city-series-vertical-canvas-prints,True
"Nosy Be City Series Vertical Canvas Prints",https://www.aviationshop.com/products/nosy-be-city-series-vertical-canvas-prints,True
"Noto City Series Vertical Canvas Prints",https://www.aviationshop.com/products/noto-city-series-vertical-canvas-prints,True
"Nozawa Onsen City Series Vertical Canvas Prints",https://www.aviationshop.com/products/nozawa-onsen-city-series-vertical-canvas-prints,True
"Nungwi City Series Vertical Canvas Prints",https://www.aviationshop.com/products/nungwi-city-series-vertical-canvas-prints,True
"Nusa Lembongan City Series Vertical Canvas Prints",https://www.aviationshop.com/products/nusa-lembongan-city-series-vertical-canvas-prints,True
"Nusa Penida City Series Vertical Canvas Prints",https://www.aviationshop.com/products/nusa-penida-city-series-vertical-canvas-prints,True
"Nuwara Eliya City Series Vertical Canvas Prints",https://www.aviationshop.com/products/nuwara-eliya-city-series-vertical-canvas-prints,True
"Oakland City Series Vertical Canvas Prints",https://www.aviationshop.com/products/oakland-city-series-vertical-canvas-prints,True
"Oamaru City Series Vertical Canvas Prints",https://www.aviationshop.com/products/oamaru-city-series-vertical-canvas-prints,True
"Obidos City Series Vertical Canvas Prints",https://www.aviationshop.com/products/obidos-city-series-vertical-canvas-prints,True
"Ocean City City Series Vertical Canvas Prints",https://www.aviationshop.com/products/ocean-city-city-series-vertical-canvas-prints,True
"Ocean Springs City Series Vertical Canvas Prints",https://www.aviationshop.com/products/ocean-springs-city-series-vertical-canvas-prints,True
"Ocho Rios City Series Vertical Canvas Prints",https://www.aviationshop.com/products/ocho-rios-city-series-vertical-canvas-prints,True
"Ogunquit City Series Vertical Canvas Prints",https://www.aviationshop.com/products/ogunquit-city-series-vertical-canvas-prints,True
"Old San Juan City Series Vertical Canvas Prints",https://www.aviationshop.com/products/old-san-juan-city-series-vertical-canvas-prints,True
"Ollantaytambo City Series Vertical Canvas Prints",https://www.aviationshop.com/products/ollantaytambo-city-series-vertical-canvas-prints,True
"Oludeniz City Series Vertical Canvas Prints",https://www.aviationshop.com/products/oludeniz-city-series-vertical-canvas-prints,True
"Ometepe City Series Vertical Canvas Prints",https://www.aviationshop.com/products/ometepe-city-series-vertical-canvas-prints,True
"Omodos City Series Vertical Canvas Prints",https://www.aviationshop.com/products/omodos-city-series-vertical-canvas-prints,True
"Onomichi City Series Vertical Canvas Prints",https://www.aviationshop.com/products/onomichi-city-series-vertical-canvas-prints,True
"Ontario City Series Vertical Canvas Prints",https://www.aviationshop.com/products/ontario-city-series-vertical-canvas-prints,True
"Opatija City Series Vertical Canvas Prints",https://www.aviationshop.com/products/opatija-city-series-vertical-canvas-prints,True
"Orange Beach City Series Vertical Canvas Prints",https://www.aviationshop.com/products/orange-beach-city-series-vertical-canvas-prints,True
"Orange County City Series Vertical Canvas Prints",https://www.aviationshop.com/products/orange-county-city-series-vertical-canvas-prints,True
"Orchha City Series Vertical Canvas Prints",https://www.aviationshop.com/products/orchha-city-series-vertical-canvas-prints,True
"Orvieto City Series Vertical Canvas Prints",https://www.aviationshop.com/products/orvieto-city-series-vertical-canvas-prints,True
"Ostuni City Series Vertical Canvas Prints",https://www.aviationshop.com/products/ostuni-city-series-vertical-canvas-prints,True
"Otaru City Series Vertical Canvas Prints",https://www.aviationshop.com/products/otaru-city-series-vertical-canvas-prints,True
"Otavalo City Series Vertical Canvas Prints",https://www.aviationshop.com/products/otavalo-city-series-vertical-canvas-prints,True
"Ouarzazate City Series Vertical Canvas Prints",https://www.aviationshop.com/products/ouarzazate-city-series-vertical-canvas-prints,True
"Ouray City Series Vertical Canvas Prints",https://www.aviationshop.com/products/ouray-city-series-vertical-canvas-prints,True
"Ouro Preto City Series Vertical Canvas Prints",https://www.aviationshop.com/products/ouro-preto-city-series-vertical-canvas-prints,True
"Outer Banks City Series Vertical Canvas Prints",https://www.aviationshop.com/products/outer-banks-city-series-vertical-canvas-prints,True
"Oxford City Series Vertical Canvas Prints",https://www.aviationshop.com/products/oxford-city-series-vertical-canvas-prints,True
"Padua City Series Vertical Canvas Prints",https://www.aviationshop.com/products/padua-city-series-vertical-canvas-prints,True
"Page City Series Vertical Canvas Prints",https://www.aviationshop.com/products/page-city-series-vertical-canvas-prints,True
"Pai City Series Vertical Canvas Prints",https://www.aviationshop.com/products/pai-city-series-vertical-canvas-prints,True
"Paihia City Series Vertical Canvas Prints",https://www.aviationshop.com/products/paihia-city-series-vertical-canvas-prints,True
"Paje City Series Vertical Canvas Prints",https://www.aviationshop.com/products/paje-city-series-vertical-canvas-prints,True
"Palermo City Series Vertical Canvas Prints",https://www.aviationshop.com/products/palermo-city-series-vertical-canvas-prints,True
"Palm Desert City Series Vertical Canvas Prints",https://www.aviationshop.com/products/palm-desert-city-series-vertical-canvas-prints,True
"Pamukkale City Series Vertical Canvas Prints",https://www.aviationshop.com/products/pamukkale-city-series-vertical-canvas-prints,True
"Paracas City Series Vertical Canvas Prints",https://www.aviationshop.com/products/paracas-city-series-vertical-canvas-prints,True
"Parga City Series Vertical Canvas Prints",https://www.aviationshop.com/products/parga-city-series-vertical-canvas-prints,True
"Park City City Series Vertical Canvas Prints",https://www.aviationshop.com/products/park-city-city-series-vertical-canvas-prints,True
"Paso Robles City Series Vertical Canvas Prints",https://www.aviationshop.com/products/paso-robles-city-series-vertical-canvas-prints,True
"Patan City Series Vertical Canvas Prints",https://www.aviationshop.com/products/patan-city-series-vertical-canvas-prints,True
"Paternoster City Series Vertical Canvas Prints",https://www.aviationshop.com/products/paternoster-city-series-vertical-canvas-prints,True
"Pecs City Series Vertical Canvas Prints",https://www.aviationshop.com/products/pecs-city-series-vertical-canvas-prints,True
"Peggy's Cove City Series Vertical Canvas Prints",https://www.aviationshop.com/products/peggys-cove-city-series-vertical-canvas-prints,True
"Peniscola City Series Vertical Canvas Prints",https://www.aviationshop.com/products/peniscola-city-series-vertical-canvas-prints,True
"Perast City Series Vertical Canvas Prints",https://www.aviationshop.com/products/perast-city-series-vertical-canvas-prints,True
"Perhentian Islands City Series Vertical Canvas Prints",https://www.aviationshop.com/products/perhentian-islands-city-series-vertical-canvas-prints,True
"Petoskey City Series Vertical Canvas Prints",https://www.aviationshop.com/products/petoskey-city-series-vertical-canvas-prints,True
"Petra City Series Vertical Canvas Prints",https://www.aviationshop.com/products/petra-city-series-vertical-canvas-prints,True
"Phong Nha City Series Vertical Canvas Prints",https://www.aviationshop.com/products/phong-nha-city-series-vertical-canvas-prints,True
"Picton City Series Vertical Canvas Prints",https://www.aviationshop.com/products/picton-city-series-vertical-canvas-prints,True
"Pigeon Forge City Series Vertical Canvas Prints",https://www.aviationshop.com/products/pigeon-forge-city-series-vertical-canvas-prints,True
"Pingyao City Series Vertical Canvas Prints",https://www.aviationshop.com/products/pingyao-city-series-vertical-canvas-prints,True
"Pipa City Series Vertical Canvas Prints",https://www.aviationshop.com/products/pipa-city-series-vertical-canvas-prints,True
"Piran City Series Vertical Canvas Prints",https://www.aviationshop.com/products/piran-city-series-vertical-canvas-prints,True
"Pisac City Series Vertical Canvas Prints",https://www.aviationshop.com/products/pisac-city-series-vertical-canvas-prints,True
"Pismo Beach City Series Vertical Canvas Prints",https://www.aviationshop.com/products/pismo-beach-city-series-vertical-canvas-prints,True
"Pittsburgh City Series Vertical Canvas Prints",https://www.aviationshop.com/products/pittsburgh-city-series-vertical-canvas-prints,True
"Placencia City Series Vertical Canvas Prints",https://www.aviationshop.com/products/placencia-city-series-vertical-canvas-prints,True
"Playa del Carmen City Series Vertical Canvas Prints",https://www.aviationshop.com/products/playa-del-carmen-city-series-vertical-canvas-prints,True
"Plettenberg Bay City Series Vertical Canvas Prints",https://www.aviationshop.com/products/plettenberg-bay-city-series-vertical-canvas-prints,True
"Plitvice City Series Vertical Canvas Prints",https://www.aviationshop.com/products/plitvice-city-series-vertical-canvas-prints,True
"Pocitelj City Series Vertical Canvas Prints",https://www.aviationshop.com/products/pocitelj-city-series-vertical-canvas-prints,True
"Pohnpei City Series Vertical Canvas Prints",https://www.aviationshop.com/products/pohnpei-city-series-vertical-canvas-prints,True
"Polignano a Mare City Series Vertical Canvas Prints",https://www.aviationshop.com/products/polignano-a-mare-city-series-vertical-canvas-prints,True
"Port Aransas City Series Vertical Canvas Prints",https://www.aviationshop.com/products/port-aransas-city-series-vertical-canvas-prints,True
"Port Barton City Series Vertical Canvas Prints",https://www.aviationshop.com/products/port-barton-city-series-vertical-canvas-prints,True
"Port Douglas City Series Vertical Canvas Prints",https://www.aviationshop.com/products/port-douglas-city-series-vertical-canvas-prints,True
"Port Fairy City Series Vertical Canvas Prints",https://www.aviationshop.com/products/port-fairy-city-series-vertical-canvas-prints,True
"Portree City Series Vertical Canvas Prints",https://www.aviationshop.com/products/portree-city-series-vertical-canvas-prints,True
"Porvoo City Series Vertical Canvas Prints",https://www.aviationshop.com/products/porvoo-city-series-vertical-canvas-prints,True
"Positano City Series Vertical Canvas Prints",https://www.aviationshop.com/products/positano-city-series-vertical-canvas-prints,True
"Potsdam City Series Vertical Canvas Prints",https://www.aviationshop.com/products/potsdam-city-series-vertical-canvas-prints,True
"Protaras City Series Vertical Canvas Prints",https://www.aviationshop.com/products/protaras-city-series-vertical-canvas-prints,True
"Pucon City Series Vertical Canvas Prints",https://www.aviationshop.com/products/pucon-city-series-vertical-canvas-prints,True
"Puebla City Series Vertical Canvas Prints",https://www.aviationshop.com/products/puebla-city-series-vertical-canvas-prints,True
"Puerto Escondido City Series Vertical Canvas Prints",https://www.aviationshop.com/products/puerto-escondido-city-series-vertical-canvas-prints,True
"Puerto Natales City Series Vertical Canvas Prints",https://www.aviationshop.com/products/puerto-natales-city-series-vertical-canvas-prints,True
"Puerto Varas City Series Vertical Canvas Prints",https://www.aviationshop.com/products/puerto-varas-city-series-vertical-canvas-prints,True
"Puerto Viejo City Series Vertical Canvas Prints",https://www.aviationshop.com/products/puerto-viejo-city-series-vertical-canvas-prints,True
"Punakaiki City Series Vertical Canvas Prints",https://www.aviationshop.com/products/punakaiki-city-series-vertical-canvas-prints,True
"Punakha City Series Vertical Canvas Prints",https://www.aviationshop.com/products/punakha-city-series-vertical-canvas-prints,True
"Punta del Este City Series Vertical Canvas Prints",https://www.aviationshop.com/products/punta-del-este-city-series-vertical-canvas-prints,True
"Purmamarca City Series Vertical Canvas Prints",https://www.aviationshop.com/products/purmamarca-city-series-vertical-canvas-prints,True
"Pushkar City Series Vertical Canvas Prints",https://www.aviationshop.com/products/pushkar-city-series-vertical-canvas-prints,True
"Put-in-Bay City Series Vertical Canvas Prints",https://www.aviationshop.com/products/put-in-bay-city-series-vertical-canvas-prints,True
"Quedlinburg City Series Vertical Canvas Prints",https://www.aviationshop.com/products/quedlinburg-city-series-vertical-canvas-prints,True
"Raglan City Series Vertical Canvas Prints",https://www.aviationshop.com/products/raglan-city-series-vertical-canvas-prints,True
"Ragusa City Series Vertical Canvas Prints",https://www.aviationshop.com/products/ragusa-city-series-vertical-canvas-prints,True
"Railay City Series Vertical Canvas Prints",https://www.aviationshop.com/products/railay-city-series-vertical-canvas-prints,True
"Rainbow Beach City Series Vertical Canvas Prints",https://www.aviationshop.com/products/rainbow-beach-city-series-vertical-canvas-prints,True
"Raja Ampat City Series Vertical Canvas Prints",https://www.aviationshop.com/products/raja-ampat-city-series-vertical-canvas-prints,True
"Ras Al Khaimah City Series Vertical Canvas Prints",https://www.aviationshop.com/products/ras-al-khaimah-city-series-vertical-canvas-prints,True
"Ravello City Series Vertical Canvas Prints",https://www.aviationshop.com/products/ravello-city-series-vertical-canvas-prints,True
"Ravenna City Series Vertical Canvas Prints",https://www.aviationshop.com/products/ravenna-city-series-vertical-canvas-prints,True
"Red Lodge City Series Vertical Canvas Prints",https://www.aviationshop.com/products/red-lodge-city-series-vertical-canvas-prints,True
"Regensburg City Series Vertical Canvas Prints",https://www.aviationshop.com/products/regensburg-city-series-vertical-canvas-prints,True
"Rehoboth Beach City Series Vertical Canvas Prints",https://www.aviationshop.com/products/rehoboth-beach-city-series-vertical-canvas-prints,True
"Reims City Series Vertical Canvas Prints",https://www.aviationshop.com/products/reims-city-series-vertical-canvas-prints,True
"Rethymno City Series Vertical Canvas Prints",https://www.aviationshop.com/products/rethymno-city-series-vertical-canvas-prints,True
"Revelstoke City Series Vertical Canvas Prints",https://www.aviationshop.com/products/revelstoke-city-series-vertical-canvas-prints,True
"Ribadesella City Series Vertical Canvas Prints",https://www.aviationshop.com/products/ribadesella-city-series-vertical-canvas-prints,True
"Ribe City Series Vertical Canvas Prints",https://www.aviationshop.com/products/ribe-city-series-vertical-canvas-prints,True
"Rincon City Series Vertical Canvas Prints",https://www.aviationshop.com/products/rincon-city-series-vertical-canvas-prints,True
"Rishikesh City Series Vertical Canvas Prints",https://www.aviationshop.com/products/rishikesh-city-series-vertical-canvas-prints,True
"Riva del Garda City Series Vertical Canvas Prints",https://www.aviationshop.com/products/riva-del-garda-city-series-vertical-canvas-prints,True
"Robe City Series Vertical Canvas Prints",https://www.aviationshop.com/products/robe-city-series-vertical-canvas-prints,True
"Rocamadour City Series Vertical Canvas Prints",https://www.aviationshop.com/products/rocamadour-city-series-vertical-canvas-prints,True
"Rochester City Series Vertical Canvas Prints",https://www.aviationshop.com/products/rochester-city-series-vertical-canvas-prints,True
"Ronda City Series Vertical Canvas Prints",https://www.aviationshop.com/products/ronda-city-series-vertical-canvas-prints,True
"Rosemary Beach City Series Vertical Canvas Prints",https://www.aviationshop.com/products/rosemary-beach-city-series-vertical-canvas-prints,True
"Rothenburg ob der Tauber City Series Vertical Canvas Prints",https://www.aviationshop.com/products/rothenburg-ob-der-tauber-city-series-vertical-canvas-prints,True
"Roussillon City Series Vertical Canvas Prints",https://www.aviationshop.com/products/roussillon-city-series-vertical-canvas-prints,True
"Rovinj City Series Vertical Canvas Prints",https://www.aviationshop.com/products/rovinj-city-series-vertical-canvas-prints,True
"Rugen City Series Vertical Canvas Prints",https://www.aviationshop.com/products/rugen-city-series-vertical-canvas-prints,True
"Ruidoso City Series Vertical Canvas Prints",https://www.aviationshop.com/products/ruidoso-city-series-vertical-canvas-prints,True
"Russell City Series Vertical Canvas Prints",https://www.aviationshop.com/products/russell-city-series-vertical-canvas-prints,True
"Saariselka City Series Vertical Canvas Prints",https://www.aviationshop.com/products/saariselka-city-series-vertical-canvas-prints,True
"Safed City Series Vertical Canvas Prints",https://www.aviationshop.com/products/safed-city-series-vertical-canvas-prints,True
"Safranbolu City Series Vertical Canvas Prints",https://www.aviationshop.com/products/safranbolu-city-series-vertical-canvas-prints,True
"Sagada City Series Vertical Canvas Prints",https://www.aviationshop.com/products/sagada-city-series-vertical-canvas-prints,True
"Saint Petersburg City Series Vertical Canvas Prints",https://www.aviationshop.com/products/saint-petersburg-city-series-vertical-canvas-prints,True
"Saint-Louis City Series Vertical Canvas Prints",https://www.aviationshop.com/products/saint-louis-city-series-vertical-canvas-prints,True
"Saint-Malo City Series Vertical Canvas Prints",https://www.aviationshop.com/products/saint-malo-city-series-vertical-canvas-prints,True
"Saint-Tropez City Series Vertical Canvas Prints",https://www.aviationshop.com/products/saint-tropez-city-series-vertical-canvas-prints,True
"Sal City Series Vertical Canvas Prints",https://www.aviationshop.com/products/sal-city-series-vertical-canvas-prints,True
"Salamanca City Series Vertical Canvas Prints",https://www.aviationshop.com/products/salamanca-city-series-vertical-canvas-prints,True
"Salento City Series Vertical Canvas Prints",https://www.aviationshop.com/products/salento-city-series-vertical-canvas-prints,True
"Salzburg City Series Vertical Canvas Prints",https://www.aviationshop.com/products/salzburg-city-series-vertical-canvas-prints,True
"Samana City Series Vertical Canvas Prints",https://www.aviationshop.com/products/samana-city-series-vertical-canvas-prints,True
"San Gimignano City Series Vertical Canvas Prints",https://www.aviationshop.com/products/san-gimignano-city-series-vertical-canvas-prints,True
"San Jose (California) City Series Vertical Canvas Prints",https://www.aviationshop.com/products/san-jose-california-city-series-vertical-canvas-prints,True
"San Juan del Sur City Series Vertical Canvas Prints",https://www.aviationshop.com/products/san-juan-del-sur-city-series-vertical-canvas-prints,True
"San Martin de los Andes City Series Vertical Canvas Prints",https://www.aviationshop.com/products/san-martin-de-los-andes-city-series-vertical-canvas-prints,True
"San Miguel de Allende City Series Vertical Canvas Prints",https://www.aviationshop.com/products/san-miguel-de-allende-city-series-vertical-canvas-prints,True
"San Pedro City Series Vertical Canvas Prints",https://www.aviationshop.com/products/san-pedro-city-series-vertical-canvas-prints,True
"San Pedro de Atacama City Series Vertical Canvas Prints",https://www.aviationshop.com/products/san-pedro-de-atacama-city-series-vertical-canvas-prints,True
"San Vito Lo Capo City Series Vertical Canvas Prints",https://www.aviationshop.com/products/san-vito-lo-capo-city-series-vertical-canvas-prints,True
"Sanibel City Series Vertical Canvas Prints",https://www.aviationshop.com/products/sanibel-city-series-vertical-canvas-prints,True
"Santa Fe City Series Vertical Canvas Prints",https://www.aviationshop.com/products/santa-fe-city-series-vertical-canvas-prints,True
"Santa Teresa City Series Vertical Canvas Prints",https://www.aviationshop.com/products/santa-teresa-city-series-vertical-canvas-prints,True
"Sapa City Series Vertical Canvas Prints",https://www.aviationshop.com/products/sapa-city-series-vertical-canvas-prints,True
"Saugatuck City Series Vertical Canvas Prints",https://www.aviationshop.com/products/saugatuck-city-series-vertical-canvas-prints,True
"Sayulita City Series Vertical Canvas Prints",https://www.aviationshop.com/products/sayulita-city-series-vertical-canvas-prints,True
"Seaside City Series Vertical Canvas Prints",https://www.aviationshop.com/products/seaside-city-series-vertical-canvas-prints,True
"Sedona City Series Vertical Canvas Prints",https://www.aviationshop.com/products/sedona-city-series-vertical-canvas-prints,True
"Segovia City Series Vertical Canvas Prints",https://www.aviationshop.com/products/segovia-city-series-vertical-canvas-prints,True
"Seminyak City Series Vertical Canvas Prints",https://www.aviationshop.com/products/seminyak-city-series-vertical-canvas-prints,True
"Setenil City Series Vertical Canvas Prints",https://www.aviationshop.com/products/setenil-city-series-vertical-canvas-prints,True
"Seven Mile Beach City Series Vertical Canvas Prints",https://www.aviationshop.com/products/seven-mile-beach-city-series-vertical-canvas-prints,True
"Seville City Series Vertical Canvas Prints",https://www.aviationshop.com/products/seville-city-series-vertical-canvas-prints,True
"Seydisfjordur City Series Vertical Canvas Prints",https://www.aviationshop.com/products/seydisfjordur-city-series-vertical-canvas-prints,True
"Shangri-La City Series Vertical Canvas Prints",https://www.aviationshop.com/products/shangri-la-city-series-vertical-canvas-prints,True
"Sheridan City Series Vertical Canvas Prints",https://www.aviationshop.com/products/sheridan-city-series-vertical-canvas-prints,True
"Shimla City Series Vertical Canvas Prints",https://www.aviationshop.com/products/shimla-city-series-vertical-canvas-prints,True
"Shirakawa-Go City Series Vertical Canvas Prints",https://www.aviationshop.com/products/shirakawa-go-city-series-vertical-canvas-prints,True
"Siargao City Series Vertical Canvas Prints",https://www.aviationshop.com/products/siargao-city-series-vertical-canvas-prints,True
"Sibenik City Series Vertical Canvas Prints",https://www.aviationshop.com/products/sibenik-city-series-vertical-canvas-prints,True
"Sidemen City Series Vertical Canvas Prints",https://www.aviationshop.com/products/sidemen-city-series-vertical-canvas-prints,True
"Sidi Bou Said City Series Vertical Canvas Prints",https://www.aviationshop.com/products/sidi-bou-said-city-series-vertical-canvas-prints,True
"Siena City Series Vertical Canvas Prints",https://www.aviationshop.com/products/siena-city-series-vertical-canvas-prints,True
"Siesta Key City Series Vertical Canvas Prints",https://www.aviationshop.com/products/siesta-key-city-series-vertical-canvas-prints,True
"Sighisoara City Series Vertical Canvas Prints",https://www.aviationshop.com/products/sighisoara-city-series-vertical-canvas-prints,True
"Sighnaghi City Series Vertical Canvas Prints",https://www.aviationshop.com/products/sighnaghi-city-series-vertical-canvas-prints,True
"Sigiriya City Series Vertical Canvas Prints",https://www.aviationshop.com/products/sigiriya-city-series-vertical-canvas-prints,True
"Sinaia City Series Vertical Canvas Prints",https://www.aviationshop.com/products/sinaia-city-series-vertical-canvas-prints,True
"Sintra City Series Vertical Canvas Prints",https://www.aviationshop.com/products/sintra-city-series-vertical-canvas-prints,True
"Siracusa City Series Vertical Canvas Prints",https://www.aviationshop.com/products/siracusa-city-series-vertical-canvas-prints,True
"Sirmione City Series Vertical Canvas Prints",https://www.aviationshop.com/products/sirmione-city-series-vertical-canvas-prints,True
"Sisters City Series Vertical Canvas Prints",https://www.aviationshop.com/products/sisters-city-series-vertical-canvas-prints,True
"Sitges City Series Vertical Canvas Prints",https://www.aviationshop.com/products/sitges-city-series-vertical-canvas-prints,True
"Sivota City Series Vertical Canvas Prints",https://www.aviationshop.com/products/sivota-city-series-vertical-canvas-prints,True
"Siwa City Series Vertical Canvas Prints",https://www.aviationshop.com/products/siwa-city-series-vertical-canvas-prints,True
"Skagen City Series Vertical Canvas Prints",https://www.aviationshop.com/products/skagen-city-series-vertical-canvas-prints,True
"Sofia City Series Vertical Canvas Prints",https://www.aviationshop.com/products/sofia-city-series-vertical-canvas-prints,True
"Sokcho City Series Vertical Canvas Prints",https://www.aviationshop.com/products/sokcho-city-series-vertical-canvas-prints,True
"Solvang City Series Vertical Canvas Prints",https://www.aviationshop.com/products/solvang-city-series-vertical-canvas-prints,True
"Sonoma City Series Vertical Canvas Prints",https://www.aviationshop.com/products/sonoma-city-series-vertical-canvas-prints,True
"Sopot City Series Vertical Canvas Prints",https://www.aviationshop.com/products/sopot-city-series-vertical-canvas-prints,True
"Sorrento City Series Vertical Canvas Prints",https://www.aviationshop.com/products/sorrento-city-series-vertical-canvas-prints,True
"Sossusvlei City Series Vertical Canvas Prints",https://www.aviationshop.com/products/sossusvlei-city-series-vertical-canvas-prints,True
"Soufriere City Series Vertical Canvas Prints",https://www.aviationshop.com/products/soufriere-city-series-vertical-canvas-prints,True
"South Padre Island City Series Vertical Canvas Prints",https://www.aviationshop.com/products/south-padre-island-city-series-vertical-canvas-prints,True
"Spetses City Series Vertical Canvas Prints",https://www.aviationshop.com/products/spetses-city-series-vertical-canvas-prints,True
"Spiez City Series Vertical Canvas Prints",https://www.aviationshop.com/products/spiez-city-series-vertical-canvas-prints,True
"Split City Series Vertical Canvas Prints",https://www.aviationshop.com/products/split-city-series-vertical-canvas-prints,True
"Springdale City Series Vertical Canvas Prints",https://www.aviationshop.com/products/springdale-city-series-vertical-canvas-prints,True
"St Augustine City Series Vertical Canvas Prints",https://www.aviationshop.com/products/st-augustine-city-series-vertical-canvas-prints,True
"St Helena City Series Vertical Canvas Prints",https://www.aviationshop.com/products/st-helena-city-series-vertical-canvas-prints,True
"St Ives City Series Vertical Canvas Prints",https://www.aviationshop.com/products/st-ives-city-series-vertical-canvas-prints,True
"St Lucia City Series Vertical Canvas Prints",https://www.aviationshop.com/products/st-lucia-city-series-vertical-canvas-prints,True
"St. Anton City Series Vertical Canvas Prints",https://www.aviationshop.com/products/st-anton-city-series-vertical-canvas-prints,True
"St. Louis City Series Vertical Canvas Prints",https://www.aviationshop.com/products/st-louis-city-series-vertical-canvas-prints,True
"St. Moritz City Series Vertical Canvas Prints",https://www.aviationshop.com/products/st-moritz-city-series-vertical-canvas-prints,True
"Stellenbosch City Series Vertical Canvas Prints",https://www.aviationshop.com/products/stellenbosch-city-series-vertical-canvas-prints,True
"Stillwater City Series Vertical Canvas Prints",https://www.aviationshop.com/products/stillwater-city-series-vertical-canvas-prints,True
"Stirling City Series Vertical Canvas Prints",https://www.aviationshop.com/products/stirling-city-series-vertical-canvas-prints,True
"Stone Town City Series Vertical Canvas Prints",https://www.aviationshop.com/products/stone-town-city-series-vertical-canvas-prints,True
"Stonehenge City Series Vertical Canvas Prints",https://www.aviationshop.com/products/stonehenge-city-series-vertical-canvas-prints,True
"Stowe City Series Vertical Canvas Prints",https://www.aviationshop.com/products/stowe-city-series-vertical-canvas-prints,True
"Strahan City Series Vertical Canvas Prints",https://www.aviationshop.com/products/strahan-city-series-vertical-canvas-prints,True
"Stratford-Upon-Avon City Series Vertical Canvas Prints",https://www.aviationshop.com/products/stratford-upon-avon-city-series-vertical-canvas-prints,True
"Stuttgart City Series Vertical Canvas Prints",https://www.aviationshop.com/products/stuttgart-city-series-vertical-canvas-prints,True
"Sukhothai City Series Vertical Canvas Prints",https://www.aviationshop.com/products/sukhothai-city-series-vertical-canvas-prints,True
"Sun Moon Lake City Series Vertical Canvas Prints",https://www.aviationshop.com/products/sun-moon-lake-city-series-vertical-canvas-prints,True
"Sur City Series Vertical Canvas Prints",https://www.aviationshop.com/products/sur-city-series-vertical-canvas-prints,True
"Suzdal City Series Vertical Canvas Prints",https://www.aviationshop.com/products/suzdal-city-series-vertical-canvas-prints,True
"Suzhou City Series Vertical Canvas Prints",https://www.aviationshop.com/products/suzhou-city-series-vertical-canvas-prints,True
"Sveti Stefan City Series Vertical Canvas Prints",https://www.aviationshop.com/products/sveti-stefan-city-series-vertical-canvas-prints,True
"Swakopmund City Series Vertical Canvas Prints",https://www.aviationshop.com/products/swakopmund-city-series-vertical-canvas-prints,True
"Symi City Series Vertical Canvas Prints",https://www.aviationshop.com/products/symi-city-series-vertical-canvas-prints,True
"Szentendre City Series Vertical Canvas Prints",https://www.aviationshop.com/products/szentendre-city-series-vertical-canvas-prints,True
"Taghazout City Series Vertical Canvas Prints",https://www.aviationshop.com/products/taghazout-city-series-vertical-canvas-prints,True
"Taif City Series Vertical Canvas Prints",https://www.aviationshop.com/products/taif-city-series-vertical-canvas-prints,True
"Takaka City Series Vertical Canvas Prints",https://www.aviationshop.com/products/takaka-city-series-vertical-canvas-prints,True
"Takayama City Series Vertical Canvas Prints",https://www.aviationshop.com/products/takayama-city-series-vertical-canvas-prints,True
"Tamarindo City Series Vertical Canvas Prints",https://www.aviationshop.com/products/tamarindo-city-series-vertical-canvas-prints,True
"Tana Toraja City Series Vertical Canvas Prints",https://www.aviationshop.com/products/tana-toraja-city-series-vertical-canvas-prints,True
"Taos City Series Vertical Canvas Prints",https://www.aviationshop.com/products/taos-city-series-vertical-canvas-prints,True
"Tarpon Springs City Series Vertical Canvas Prints",https://www.aviationshop.com/products/tarpon-springs-city-series-vertical-canvas-prints,True
"Taupo City Series Vertical Canvas Prints",https://www.aviationshop.com/products/taupo-city-series-vertical-canvas-prints,True
"Tauranga City Series Vertical Canvas Prints",https://www.aviationshop.com/products/tauranga-city-series-vertical-canvas-prints,True
"Taveuni City Series Vertical Canvas Prints",https://www.aviationshop.com/products/taveuni-city-series-vertical-canvas-prints,True
"Tavira City Series Vertical Canvas Prints",https://www.aviationshop.com/products/tavira-city-series-vertical-canvas-prints,True
"Taxco City Series Vertical Canvas Prints",https://www.aviationshop.com/products/taxco-city-series-vertical-canvas-prints,True
"Te Anau City Series Vertical Canvas Prints",https://www.aviationshop.com/products/te-anau-city-series-vertical-canvas-prints,True
"Tekapo City Series Vertical Canvas Prints",https://www.aviationshop.com/products/tekapo-city-series-vertical-canvas-prints,True
"Tel Aviv City Series Vertical Canvas Prints",https://www.aviationshop.com/products/tel-aviv-city-series-vertical-canvas-prints,True
"Telc City Series Vertical Canvas Prints",https://www.aviationshop.com/products/telc-city-series-vertical-canvas-prints,True
"Telluride City Series Vertical Canvas Prints",https://www.aviationshop.com/products/telluride-city-series-vertical-canvas-prints,True
"Tenby City Series Vertical Canvas Prints",https://www.aviationshop.com/products/tenby-city-series-vertical-canvas-prints,True
"Tepoztlan City Series Vertical Canvas Prints",https://www.aviationshop.com/products/tepoztlan-city-series-vertical-canvas-prints,True
"Thimphu City Series Vertical Canvas Prints",https://www.aviationshop.com/products/thimphu-city-series-vertical-canvas-prints,True
"Thun City Series Vertical Canvas Prints",https://www.aviationshop.com/products/thun-city-series-vertical-canvas-prints,True
"Tihany City Series Vertical Canvas Prints",https://www.aviationshop.com/products/tihany-city-series-vertical-canvas-prints,True
"Tilcara City Series Vertical Canvas Prints",https://www.aviationshop.com/products/tilcara-city-series-vertical-canvas-prints,True
"Tioman City Series Vertical Canvas Prints",https://www.aviationshop.com/products/tioman-city-series-vertical-canvas-prints,True
"Tiradentes City Series Vertical Canvas Prints",https://www.aviationshop.com/products/tiradentes-city-series-vertical-canvas-prints,True
"Todos Santos City Series Vertical Canvas Prints",https://www.aviationshop.com/products/todos-santos-city-series-vertical-canvas-prints,True
"Tofino City Series Vertical Canvas Prints",https://www.aviationshop.com/products/tofino-city-series-vertical-canvas-prints,True
"Tofo City Series Vertical Canvas Prints",https://www.aviationshop.com/products/tofo-city-series-vertical-canvas-prints,True
"Toledo City Series Vertical Canvas Prints",https://www.aviationshop.com/products/toledo-city-series-vertical-canvas-prints,True
"Tongyeong City Series Vertical Canvas Prints",https://www.aviationshop.com/products/tongyeong-city-series-vertical-canvas-prints,True
"Torquay City Series Vertical Canvas Prints",https://www.aviationshop.com/products/torquay-city-series-vertical-canvas-prints,True
"Tortola City Series Vertical Canvas Prints",https://www.aviationshop.com/products/tortola-city-series-vertical-canvas-prints,True
"Torun City Series Vertical Canvas Prints",https://www.aviationshop.com/products/torun-city-series-vertical-canvas-prints,True
"Tossa de Mar City Series Vertical Canvas Prints",https://www.aviationshop.com/products/tossa-de-mar-city-series-vertical-canvas-prints,True
"Toulouse City Series Vertical Canvas Prints",https://www.aviationshop.com/products/toulouse-city-series-vertical-canvas-prints,True
"Tozeur City Series Vertical Canvas Prints",https://www.aviationshop.com/products/tozeur-city-series-vertical-canvas-prints,True
"Trancoso City Series Vertical Canvas Prints",https://www.aviationshop.com/products/trancoso-city-series-vertical-canvas-prints,True
"Traverse City City Series Vertical Canvas Prints",https://www.aviationshop.com/products/traverse-city-city-series-vertical-canvas-prints,True
"Trento City Series Vertical Canvas Prints",https://www.aviationshop.com/products/trento-city-series-vertical-canvas-prints,True
"Trier City Series Vertical Canvas Prints",https://www.aviationshop.com/products/trier-city-series-vertical-canvas-prints,True
"Trogir City Series Vertical Canvas Prints",https://www.aviationshop.com/products/trogir-city-series-vertical-canvas-prints,True
"Tropea City Series Vertical Canvas Prints",https://www.aviationshop.com/products/tropea-city-series-vertical-canvas-prints,True
"Truckee City Series Vertical Canvas Prints",https://www.aviationshop.com/products/truckee-city-series-vertical-canvas-prints,True
"Tsumago City Series Vertical Canvas Prints",https://www.aviationshop.com/products/tsumago-city-series-vertical-canvas-prints,True
"Tulum City Series Vertical Canvas Prints",https://www.aviationshop.com/products/tulum-city-series-vertical-canvas-prints,True
"Turkistan City Series Vertical Canvas Prints",https://www.aviationshop.com/products/turkistan-city-series-vertical-canvas-prints,True
"Twizel City Series Vertical Canvas Prints",https://www.aviationshop.com/products/twizel-city-series-vertical-canvas-prints,True
"Ubud City Series Vertical Canvas Prints",https://www.aviationshop.com/products/ubud-city-series-vertical-canvas-prints,True
"Udine City Series Vertical Canvas Prints",https://www.aviationshop.com/products/udine-city-series-vertical-canvas-prints,True
"Uluru City Series Vertical Canvas Prints",https://www.aviationshop.com/products/uluru-city-series-vertical-canvas-prints,True
"Uluwatu City Series Vertical Canvas Prints",https://www.aviationshop.com/products/uluwatu-city-series-vertical-canvas-prints,True
"Unawatuna City Series Vertical Canvas Prints",https://www.aviationshop.com/products/unawatuna-city-series-vertical-canvas-prints,True
"Utrecht City Series Vertical Canvas Prints",https://www.aviationshop.com/products/utrecht-city-series-vertical-canvas-prints,True
"Val d'Isere City Series Vertical Canvas Prints",https://www.aviationshop.com/products/val-disere-city-series-vertical-canvas-prints,True
"Valletta City Series Vertical Canvas Prints",https://www.aviationshop.com/products/valletta-city-series-vertical-canvas-prints,True
"Valparaiso City Series Vertical Canvas Prints",https://www.aviationshop.com/products/valparaiso-city-series-vertical-canvas-prints,True
"Vang Vieng City Series Vertical Canvas Prints",https://www.aviationshop.com/products/vang-vieng-city-series-vertical-canvas-prints,True
"Varenna City Series Vertical Canvas Prints",https://www.aviationshop.com/products/varenna-city-series-vertical-canvas-prints,True
"Varkala City Series Vertical Canvas Prints",https://www.aviationshop.com/products/varkala-city-series-vertical-canvas-prints,True
"Veliko Tarnovo City Series Vertical Canvas Prints",https://www.aviationshop.com/products/veliko-tarnovo-city-series-vertical-canvas-prints,True
"Vicenza City Series Vertical Canvas Prints",https://www.aviationshop.com/products/vicenza-city-series-vertical-canvas-prints,True
"Victor Harbor City Series Vertical Canvas Prints",https://www.aviationshop.com/products/victor-harbor-city-series-vertical-canvas-prints,True
"Victoria Falls City Series Vertical Canvas Prints",https://www.aviationshop.com/products/victoria-falls-city-series-vertical-canvas-prints,True
"Vieques City Series Vertical Canvas Prints",https://www.aviationshop.com/products/vieques-city-series-vertical-canvas-prints,True
"Vigan City Series Vertical Canvas Prints",https://www.aviationshop.com/products/vigan-city-series-vertical-canvas-prints,True
"Vik City Series Vertical Canvas Prints",https://www.aviationshop.com/products/vik-city-series-vertical-canvas-prints,True
"Vilanculos City Series Vertical Canvas Prints",https://www.aviationshop.com/products/vilanculos-city-series-vertical-canvas-prints,True
"Villa La Angostura City Series Vertical Canvas Prints",https://www.aviationshop.com/products/villa-la-angostura-city-series-vertical-canvas-prints,True
"Villa de Leyva City Series Vertical Canvas Prints",https://www.aviationshop.com/products/villa-de-leyva-city-series-vertical-canvas-prints,True
"Virgin Gorda City Series Vertical Canvas Prints",https://www.aviationshop.com/products/virgin-gorda-city-series-vertical-canvas-prints,True
"Virginia Beach City Series Vertical Canvas Prints",https://www.aviationshop.com/products/virginia-beach-city-series-vertical-canvas-prints,True
"Volendam City Series Vertical Canvas Prints",https://www.aviationshop.com/products/volendam-city-series-vertical-canvas-prints,True
"Wadi Rum City Series Vertical Canvas Prints",https://www.aviationshop.com/products/wadi-rum-city-series-vertical-canvas-prints,True
"Wall City Series Vertical Canvas Prints",https://www.aviationshop.com/products/wall-city-series-vertical-canvas-prints,True
"Wanaka City Series Vertical Canvas Prints",https://www.aviationshop.com/products/wanaka-city-series-vertical-canvas-prints,True
"Watamu City Series Vertical Canvas Prints",https://www.aviationshop.com/products/watamu-city-series-vertical-canvas-prints,True
"Wengen City Series Vertical Canvas Prints",https://www.aviationshop.com/products/wengen-city-series-vertical-canvas-prints,True
"Westport City Series Vertical Canvas Prints",https://www.aviationshop.com/products/westport-city-series-vertical-canvas-prints,True
"Whakatane City Series Vertical Canvas Prints",https://www.aviationshop.com/products/whakatane-city-series-vertical-canvas-prints,True
"Whanganui City Series Vertical Canvas Prints",https://www.aviationshop.com/products/whanganui-city-series-vertical-canvas-prints,True
"Whistler City Series Vertical Canvas Prints",https://www.aviationshop.com/products/whistler-city-series-vertical-canvas-prints,True
"Whitby City Series Vertical Canvas Prints",https://www.aviationshop.com/products/whitby-city-series-vertical-canvas-prints,True
"Whitefish City Series Vertical Canvas Prints",https://www.aviationshop.com/products/whitefish-city-series-vertical-canvas-prints,True
"Whitianga City Series Vertical Canvas Prints",https://www.aviationshop.com/products/whitianga-city-series-vertical-canvas-prints,True
"Windsor City Series Vertical Canvas Prints",https://www.aviationshop.com/products/windsor-city-series-vertical-canvas-prints,True
"Winnipeg City Series Vertical Canvas Prints",https://www.aviationshop.com/products/winnipeg-city-series-vertical-canvas-prints,True
"Winter Park City Series Vertical Canvas Prints",https://www.aviationshop.com/products/winter-park-city-series-vertical-canvas-prints,True
"Woodstock City Series Vertical Canvas Prints",https://www.aviationshop.com/products/woodstock-city-series-vertical-canvas-prints,True
"Wurzburg City Series Vertical Canvas Prints",https://www.aviationshop.com/products/wurzburg-city-series-vertical-canvas-prints,True
"Wuzhen City Series Vertical Canvas Prints",https://www.aviationshop.com/products/wuzhen-city-series-vertical-canvas-prints,True
"Xitang City Series Vertical Canvas Prints",https://www.aviationshop.com/products/xitang-city-series-vertical-canvas-prints,True
"Yamba City Series Vertical Canvas Prints",https://www.aviationshop.com/products/yamba-city-series-vertical-canvas-prints,True
"Yangshuo City Series Vertical Canvas Prints",https://www.aviationshop.com/products/yangshuo-city-series-vertical-canvas-prints,True
"York City Series Vertical Canvas Prints",https://www.aviationshop.com/products/york-city-series-vertical-canvas-prints,True
"Yosemite City Series Vertical Canvas Prints",https://www.aviationshop.com/products/yosemite-city-series-vertical-canvas-prints,True
"Yountville City Series Vertical Canvas Prints",https://www.aviationshop.com/products/yountville-city-series-vertical-canvas-prints,True
"Yufuin City Series Vertical Canvas Prints",https://www.aviationshop.com/products/yufuin-city-series-vertical-canvas-prints,True
"Zaanse Schans City Series Vertical Canvas Prints",https://www.aviationshop.com/products/zaanse-schans-city-series-vertical-canvas-prints,True
"Zakopane City Series Vertical Canvas Prints",https://www.aviationshop.com/products/zakopane-city-series-vertical-canvas-prints,True
"Zell am See City Series Vertical Canvas Prints",https://www.aviationshop.com/products/zell-am-see-city-series-vertical-canvas-prints,True
"Zermatt City Series Vertical Canvas Prints",https://www.aviationshop.com/products/zermatt-city-series-vertical-canvas-prints,True
"Zhangjiajie City Series Vertical Canvas Prints",https://www.aviationshop.com/products/zhangjiajie-city-series-vertical-canvas-prints,True
